0 verbose cli /data/data/com.termux/files/usr/bin/node /data/data/com.termux/files/usr/bin/npm
1 info using npm@11.18.0
2 info using node@v26.3.1
3 silly config load:file:/data/data/com.termux/files/usr/lib/node_modules/npm/npmrc
4 silly config load:file:/data/data/com.termux/files/home/exness-dashboard/.npmrc
5 silly config load:file:/data/data/com.termux/files/home/.npmrc
6 silly config load:file:/data/data/com.termux/files/usr/etc/npmrc
7 verbose title npm install
8 verbose argv "install"
9 verbose logfile logs-max:10 dir:/data/data/com.termux/files/home/.npm/_logs/2026-06-30T13_49_36_215Z-
10 verbose logfile /data/data/com.termux/files/home/.npm/_logs/2026-06-30T13_49_36_215Z-debug-0.log
11 silly logfile done cleaning log files
12 silly packumentCache heap:2248146944 maxSize:562036736 maxEntrySize:281018368
13 silly idealTree buildDeps
14 silly fetch manifest react@^18.3.1
15 silly packumentCache full:https://registry.npmjs.org/react cache-miss
16 http fetch GET 200 https://registry.npmjs.org/npm 649ms
17 http fetch GET 200 https://registry.npmjs.org/react 1645ms (cache miss)
18 silly packumentCache full:https://registry.npmjs.org/react set size:undefined disposed:false
19 silly fetch manifest react-dom@^18.3.1
20 silly packumentCache full:https://registry.npmjs.org/react-dom cache-miss
21 http fetch GET 200 https://registry.npmjs.org/react-dom 1054ms (cache miss)
22 silly packumentCache full:https://registry.npmjs.org/react-dom set size:undefined disposed:false
23 silly fetch manifest recharts@^2.12.7
24 silly packumentCache full:https://registry.npmjs.org/recharts cache-miss
25 http fetch GET 200 https://registry.npmjs.org/recharts 645ms (cache miss)
26 silly packumentCache full:https://registry.npmjs.org/recharts set size:undefined disposed:false
27 silly fetch manifest @vitejs/plugin-react@^4.3.1
28 silly packumentCache full:https://registry.npmjs.org/@vitejs%2fplugin-react cache-miss
29 http fetch GET 200 https://registry.npmjs.org/@vitejs%2fplugin-react 185ms (cache miss)
30 silly packumentCache full:https://registry.npmjs.org/@vitejs%2fplugin-react set size:undefined disposed:false
31 silly fetch manifest vite@^5.3.1
32 silly packumentCache full:https://registry.npmjs.org/vite cache-miss
33 http fetch GET 200 https://registry.npmjs.org/vite 2677ms (cache miss)
34 silly packumentCache full:https://registry.npmjs.org/vite set size:undefined disposed:false
35 silly fetch manifest @types/node@^18.0.0 || >=20.0.0
36 silly packumentCache full:https://registry.npmjs.org/@types%2fnode cache-miss
37 http fetch GET 200 https://registry.npmjs.org/@types%2fnode 1120ms (cache miss)
38 silly packumentCache full:https://registry.npmjs.org/@types%2fnode set size:undefined disposed:false
39 silly fetch manifest less@*
40 silly packumentCache full:https://registry.npmjs.org/less cache-miss
41 http fetch GET 200 https://registry.npmjs.org/less 879ms (cache miss)
42 silly packumentCache full:https://registry.npmjs.org/less set size:undefined disposed:false
43 silly fetch manifest lightningcss@^1.21.0
44 silly packumentCache full:https://registry.npmjs.org/lightningcss cache-miss
45 http fetch GET 200 https://registry.npmjs.org/lightningcss 98ms (cache miss)
46 silly packumentCache full:https://registry.npmjs.org/lightningcss set size:undefined disposed:false
47 silly fetch manifest sass@*
48 silly packumentCache full:https://registry.npmjs.org/sass cache-miss
49 http fetch GET 200 https://registry.npmjs.org/sass 210ms (cache miss)
50 silly packumentCache full:https://registry.npmjs.org/sass set size:undefined disposed:false
51 silly fetch manifest sass-embedded@*
52 silly packumentCache full:https://registry.npmjs.org/sass-embedded cache-miss
53 http fetch GET 200 https://registry.npmjs.org/sass-embedded 137ms (cache miss)
54 silly packumentCache full:https://registry.npmjs.org/sass-embedded set size:undefined disposed:false
55 silly fetch manifest stylus@*
56 silly packumentCache full:https://registry.npmjs.org/stylus cache-miss
57 http fetch GET 200 https://registry.npmjs.org/stylus 112ms (cache miss)
58 silly packumentCache full:https://registry.npmjs.org/stylus set size:undefined disposed:false
59 silly fetch manifest sugarss@*
60 silly packumentCache full:https://registry.npmjs.org/sugarss cache-miss
61 http fetch GET 200 https://registry.npmjs.org/sugarss 100ms (cache miss)
62 silly packumentCache full:https://registry.npmjs.org/sugarss set size:undefined disposed:false
63 silly fetch manifest postcss@^8.4.39
64 silly packumentCache full:https://registry.npmjs.org/postcss cache-miss
65 http fetch GET 200 https://registry.npmjs.org/postcss 162ms (cache miss)
66 silly packumentCache full:https://registry.npmjs.org/postcss set size:undefined disposed:false
67 silly fetch manifest terser@^5.4.0
68 silly packumentCache full:https://registry.npmjs.org/terser cache-miss
69 http fetch GET 200 https://registry.npmjs.org/terser 346ms (cache miss)
70 silly packumentCache full:https://registry.npmjs.org/terser set size:undefined disposed:false
71 silly fetch manifest autoprefixer@^10.4.19
72 silly packumentCache full:https://registry.npmjs.org/autoprefixer cache-miss
73 http fetch GET 200 https://registry.npmjs.org/autoprefixer 161ms (cache miss)
74 silly packumentCache full:https://registry.npmjs.org/autoprefixer set size:undefined disposed:false
75 silly fetch manifest tailwindcss@^3.4.4
76 silly packumentCache full:https://registry.npmjs.org/tailwindcss cache-miss
77 http fetch GET 200 https://registry.npmjs.org/tailwindcss 886ms (cache miss)
78 silly packumentCache full:https://registry.npmjs.org/tailwindcss set size:undefined disposed:false
79 silly placeDep ROOT @vitejs/plugin-react@4.7.0 OK for: exness-auto-trade-dashboard@0.1.0 want: ^4.3.1
80 silly placeDep ROOT vite@5.4.21 OK for: @vitejs/plugin-react@4.7.0 want: ^4.2.0 || ^5.0.0 || ^6.0.0 || ^7.0.0
81 silly placeDep ROOT autoprefixer@10.5.2 OK for: exness-auto-trade-dashboard@0.1.0 want: ^10.4.19
82 silly placeDep ROOT postcss@8.5.16 OK for: autoprefixer@10.5.2 want: ^8.1.0
83 silly placeDep ROOT react@18.3.1 OK for: exness-auto-trade-dashboard@0.1.0 want: ^18.3.1
84 silly placeDep ROOT react-dom@18.3.1 OK for: exness-auto-trade-dashboard@0.1.0 want: ^18.3.1
85 silly placeDep ROOT recharts@2.15.4 OK for: exness-auto-trade-dashboard@0.1.0 want: ^2.12.7
86 silly placeDep ROOT tailwindcss@3.4.19 OK for: exness-auto-trade-dashboard@0.1.0 want: ^3.4.4
87 silly fetch manifest @babel/core@^7.28.0
88 silly packumentCache full:https://registry.npmjs.org/@babel%2fcore cache-miss
89 silly fetch manifest react-refresh@^0.17.0
90 silly packumentCache full:https://registry.npmjs.org/react-refresh cache-miss
91 silly fetch manifest @types/babel__core@^7.20.5
92 silly packumentCache full:https://registry.npmjs.org/@types%2fbabel__core cache-miss
93 silly fetch manifest @rolldown/pluginutils@1.0.0-beta.27
94 silly packumentCache full:https://registry.npmjs.org/@rolldown%2fpluginutils cache-miss
95 silly fetch manifest @babel/plugin-transform-react-jsx-self@^7.27.1
96 silly packumentCache full:https://registry.npmjs.org/@babel%2fplugin-transform-react-jsx-self cache-miss
97 silly fetch manifest @babel/plugin-transform-react-jsx-source@^7.27.1
98 silly packumentCache full:https://registry.npmjs.org/@babel%2fplugin-transform-react-jsx-source cache-miss
99 silly fetch manifest rollup@^4.20.0
100 silly packumentCache full:https://registry.npmjs.org/rollup cache-miss
101 http fetch GET 200 https://registry.npmjs.org/@babel%2fcore 246ms (cache miss)
102 silly packumentCache full:https://registry.npmjs.org/@babel%2fcore set size:undefined disposed:false
103 silly fetch manifest esbuild@^0.21.3
104 silly packumentCache full:https://registry.npmjs.org/esbuild cache-miss
105 http fetch GET 200 https://registry.npmjs.org/@babel%2fplugin-transform-react-jsx-self 402ms (cache miss)
106 silly packumentCache full:https://registry.npmjs.org/@babel%2fplugin-transform-react-jsx-self set size:undefined disposed:false
107 silly fetch manifest postcss@^8.4.43
108 silly packumentCache full:https://registry.npmjs.org/postcss cache-miss
109 http cache https://registry.npmjs.org/postcss 22ms (cache hit)
110 silly packumentCache full:https://registry.npmjs.org/postcss set size:726591 disposed:false
111 silly fetch manifest fsevents@~2.3.3
112 silly packumentCache full:https://registry.npmjs.org/fsevents cache-miss
113 http fetch GET 200 https://registry.npmjs.org/@rolldown%2fpluginutils 456ms (cache miss)
114 silly packumentCache full:https://registry.npmjs.org/@rolldown%2fpluginutils set size:undefined disposed:false
115 silly fetch manifest picocolors@^1.1.1
116 silly packumentCache full:https://registry.npmjs.org/picocolors cache-miss
117 http fetch GET 200 https://registry.npmjs.org/@types%2fbabel__core 471ms (cache miss)
118 silly packumentCache full:https://registry.npmjs.org/@types%2fbabel__core set size:undefined disposed:false
119 silly fetch manifest fraction.js@^5.3.4
120 silly packumentCache full:https://registry.npmjs.org/fraction.js cache-miss
121 http fetch GET 200 https://registry.npmjs.org/fsevents 138ms (cache miss)
122 silly packumentCache full:https://registry.npmjs.org/fsevents set size:undefined disposed:false
123 silly fetch manifest browserslist@^4.28.4
124 silly packumentCache full:https://registry.npmjs.org/browserslist cache-miss
125 http fetch GET 200 https://registry.npmjs.org/picocolors 145ms (cache miss)
126 silly packumentCache full:https://registry.npmjs.org/picocolors set size:undefined disposed:false
127 silly fetch manifest caniuse-lite@^1.0.30001799
128 silly packumentCache full:https://registry.npmjs.org/caniuse-lite cache-miss
129 http fetch GET 200 https://registry.npmjs.org/@babel%2fplugin-transform-react-jsx-source 769ms (cache miss)
130 silly packumentCache full:https://registry.npmjs.org/@babel%2fplugin-transform-react-jsx-source set size:undefined disposed:false
131 silly fetch manifest postcss-value-parser@^4.2.0
132 silly packumentCache full:https://registry.npmjs.org/postcss-value-parser cache-miss
133 http fetch GET 200 https://registry.npmjs.org/fraction.js 441ms (cache miss)
134 silly packumentCache full:https://registry.npmjs.org/fraction.js set size:undefined disposed:false
135 silly fetch manifest nanoid@^3.3.12
136 silly packumentCache full:https://registry.npmjs.org/nanoid cache-miss
137 http fetch GET 200 https://registry.npmjs.org/postcss-value-parser 237ms (cache miss)
138 silly packumentCache full:https://registry.npmjs.org/postcss-value-parser set size:undefined disposed:false
139 silly fetch manifest source-map-js@^1.2.1
140 silly packumentCache full:https://registry.npmjs.org/source-map-js cache-miss
141 http fetch GET 200 https://registry.npmjs.org/browserslist 432ms (cache miss)
142 silly packumentCache full:https://registry.npmjs.org/browserslist set size:undefined disposed:false
143 silly fetch manifest loose-envify@^1.1.0
144 silly packumentCache full:https://registry.npmjs.org/loose-envify cache-miss
145 http fetch GET 200 https://registry.npmjs.org/esbuild 863ms (cache miss)
146 silly packumentCache full:https://registry.npmjs.org/esbuild set size:undefined disposed:false
147 silly fetch manifest scheduler@^0.23.2
148 silly packumentCache full:https://registry.npmjs.org/scheduler cache-miss
149 http fetch GET 200 https://registry.npmjs.org/rollup 1177ms (cache miss)
150 silly packumentCache full:https://registry.npmjs.org/rollup set size:undefined disposed:false
151 silly fetch manifest loose-envify@^1.1.0
152 silly packumentCache full:https://registry.npmjs.org/loose-envify cache-miss
153 http fetch GET 200 https://registry.npmjs.org/nanoid 397ms (cache miss)
154 silly packumentCache full:https://registry.npmjs.org/nanoid set size:undefined disposed:false
155 silly fetch manifest clsx@^2.0.0
156 silly packumentCache full:https://registry.npmjs.org/clsx cache-miss
157 http fetch GET 200 https://registry.npmjs.org/source-map-js 311ms (cache miss)
158 silly packumentCache full:https://registry.npmjs.org/source-map-js set size:undefined disposed:false
159 silly fetch manifest lodash@^4.17.21
160 silly packumentCache full:https://registry.npmjs.org/lodash cache-miss
161 http fetch GET 200 https://registry.npmjs.org/loose-envify 299ms (cache miss)
162 silly packumentCache full:https://registry.npmjs.org/loose-envify set size:undefined disposed:false
163 silly fetch manifest react-is@^18.3.1
164 silly packumentCache full:https://registry.npmjs.org/react-is cache-miss
165 http fetch GET 200 https://registry.npmjs.org/loose-envify 155ms (cache miss)
166 silly packumentCache full:https://registry.npmjs.org/loose-envify set size:undefined disposed:false
167 silly fetch manifest react-smooth@^4.0.4
168 silly packumentCache full:https://registry.npmjs.org/react-smooth cache-miss
169 http fetch GET 200 https://registry.npmjs.org/lodash 183ms (cache miss)
170 silly packumentCache full:https://registry.npmjs.org/lodash set size:undefined disposed:false
171 silly fetch manifest eventemitter3@^4.0.1
172 silly packumentCache full:https://registry.npmjs.org/eventemitter3 cache-miss
173 http fetch GET 200 https://registry.npmjs.org/caniuse-lite 1107ms (cache miss)
174 silly packumentCache full:https://registry.npmjs.org/caniuse-lite set size:undefined disposed:false
175 silly fetch manifest recharts-scale@^0.4.4
176 silly packumentCache full:https://registry.npmjs.org/recharts-scale cache-miss
177 http fetch GET 200 https://registry.npmjs.org/react-refresh 1752ms (cache miss)
178 silly packumentCache full:https://registry.npmjs.org/react-refresh set size:undefined disposed:false
179 silly fetch manifest tiny-invariant@^1.3.1
180 silly packumentCache full:https://registry.npmjs.org/tiny-invariant cache-miss
181 http fetch GET 200 https://registry.npmjs.org/react-smooth 389ms (cache miss)
182 silly packumentCache full:https://registry.npmjs.org/react-smooth set size:undefined disposed:false
183 silly fetch manifest victory-vendor@^36.6.8
184 silly packumentCache full:https://registry.npmjs.org/victory-vendor cache-miss
185 http fetch GET 200 https://registry.npmjs.org/clsx 536ms (cache miss)
186 silly packumentCache full:https://registry.npmjs.org/clsx set size:undefined disposed:false
187 silly fetch manifest arg@^5.0.2
188 silly packumentCache full:https://registry.npmjs.org/arg cache-miss
189 http fetch GET 200 https://registry.npmjs.org/eventemitter3 346ms (cache miss)
190 silly packumentCache full:https://registry.npmjs.org/eventemitter3 set size:undefined disposed:false
191 silly fetch manifest dlv@^1.1.3
192 silly packumentCache full:https://registry.npmjs.org/dlv cache-miss
193 http fetch GET 200 https://registry.npmjs.org/recharts-scale 247ms (cache miss)
194 silly packumentCache full:https://registry.npmjs.org/recharts-scale set size:undefined disposed:false
195 silly fetch manifest jiti@^1.21.7
196 silly packumentCache full:https://registry.npmjs.org/jiti cache-miss
197 http fetch GET 200 https://registry.npmjs.org/victory-vendor 281ms (cache miss)
198 silly packumentCache full:https://registry.npmjs.org/victory-vendor set size:undefined disposed:false
199 silly fetch manifest is-glob@^4.0.3
200 silly packumentCache full:https://registry.npmjs.org/is-glob cache-miss
201 http fetch GET 200 https://registry.npmjs.org/tiny-invariant 317ms (cache miss)
202 silly packumentCache full:https://registry.npmjs.org/tiny-invariant set size:undefined disposed:false
203 silly fetch manifest resolve@^1.22.8
204 silly packumentCache full:https://registry.npmjs.org/resolve cache-miss
205 http fetch GET 200 https://registry.npmjs.org/dlv 296ms (cache miss)
206 silly packumentCache full:https://registry.npmjs.org/dlv set size:undefined disposed:false
207 silly fetch manifest sucrase@^3.35.0
208 silly packumentCache full:https://registry.npmjs.org/sucrase cache-miss
209 http fetch GET 200 https://registry.npmjs.org/arg 309ms (cache miss)
210 silly packumentCache full:https://registry.npmjs.org/arg set size:undefined disposed:false
211 silly fetch manifest chokidar@^3.6.0
212 silly packumentCache full:https://registry.npmjs.org/chokidar cache-miss
213 http fetch GET 200 https://registry.npmjs.org/jiti 287ms (cache miss)
214 silly packumentCache full:https://registry.npmjs.org/jiti set size:undefined disposed:false
215 silly fetch manifest fast-glob@^3.3.2
216 silly packumentCache full:https://registry.npmjs.org/fast-glob cache-miss
217 http fetch GET 200 https://registry.npmjs.org/is-glob 249ms (cache miss)
218 silly packumentCache full:https://registry.npmjs.org/is-glob set size:undefined disposed:false
219 silly fetch manifest lilconfig@^3.1.3
220 silly packumentCache full:https://registry.npmjs.org/lilconfig cache-miss
221 http fetch GET 200 https://registry.npmjs.org/resolve 286ms (cache miss)
222 silly packumentCache full:https://registry.npmjs.org/resolve set size:undefined disposed:false
223 silly fetch manifest didyoumean@^1.2.2
224 silly packumentCache full:https://registry.npmjs.org/didyoumean cache-miss
225 http fetch GET 200 https://registry.npmjs.org/sucrase 298ms (cache miss)
226 silly packumentCache full:https://registry.npmjs.org/sucrase set size:undefined disposed:false
227 silly fetch manifest micromatch@^4.0.8
228 silly packumentCache full:https://registry.npmjs.org/micromatch cache-miss
229 http fetch GET 200 https://registry.npmjs.org/lilconfig 287ms (cache miss)
230 silly packumentCache full:https://registry.npmjs.org/lilconfig set size:undefined disposed:false
231 silly fetch manifest postcss-js@^4.0.1
232 silly packumentCache full:https://registry.npmjs.org/postcss-js cache-miss
233 http fetch GET 200 https://registry.npmjs.org/didyoumean 332ms (cache miss)
234 silly packumentCache full:https://registry.npmjs.org/didyoumean set size:undefined disposed:false
235 silly fetch manifest glob-parent@^6.0.2
236 silly packumentCache full:https://registry.npmjs.org/glob-parent cache-miss
237 http fetch GET 200 https://registry.npmjs.org/micromatch 363ms (cache miss)
238 silly packumentCache full:https://registry.npmjs.org/micromatch set size:undefined disposed:false
239 silly fetch manifest object-hash@^3.0.0
240 silly packumentCache full:https://registry.npmjs.org/object-hash cache-miss
241 http fetch GET 200 https://registry.npmjs.org/chokidar 712ms (cache miss)
242 silly packumentCache full:https://registry.npmjs.org/chokidar set size:undefined disposed:false
243 silly fetch manifest normalize-path@^3.0.0
244 silly packumentCache full:https://registry.npmjs.org/normalize-path cache-miss
245 http fetch GET 200 https://registry.npmjs.org/postcss-js 218ms (cache miss)
246 silly packumentCache full:https://registry.npmjs.org/postcss-js set size:undefined disposed:false
247 silly fetch manifest postcss-import@^15.1.0
248 silly packumentCache full:https://registry.npmjs.org/postcss-import cache-miss
249 http fetch GET 200 https://registry.npmjs.org/glob-parent 176ms (cache miss)
250 silly packumentCache full:https://registry.npmjs.org/glob-parent set size:undefined disposed:false
251 silly fetch manifest postcss-nested@^6.2.0
252 silly packumentCache full:https://registry.npmjs.org/postcss-nested cache-miss
253 http fetch GET 200 https://registry.npmjs.org/object-hash 157ms (cache miss)
254 silly packumentCache full:https://registry.npmjs.org/object-hash set size:undefined disposed:false
255 silly fetch manifest @alloc/quick-lru@^5.2.0
256 silly packumentCache full:https://registry.npmjs.org/@alloc%2fquick-lru cache-miss
257 http fetch GET 200 https://registry.npmjs.org/postcss-import 108ms (cache miss)
258 silly packumentCache full:https://registry.npmjs.org/postcss-import set size:undefined disposed:false
259 silly fetch manifest postcss-load-config@^4.0.2 || ^5.0 || ^6.0
260 silly packumentCache full:https://registry.npmjs.org/postcss-load-config cache-miss
261 http fetch GET 200 https://registry.npmjs.org/normalize-path 159ms (cache miss)
262 silly packumentCache full:https://registry.npmjs.org/normalize-path set size:undefined disposed:false
263 silly fetch manifest postcss-selector-parser@^6.1.2
264 silly packumentCache full:https://registry.npmjs.org/postcss-selector-parser cache-miss
265 http fetch GET 200 https://registry.npmjs.org/postcss-nested 146ms (cache miss)
266 silly packumentCache full:https://registry.npmjs.org/postcss-nested set size:undefined disposed:false
267 http fetch GET 200 https://registry.npmjs.org/postcss-load-config 96ms (cache miss)
268 silly packumentCache full:https://registry.npmjs.org/postcss-load-config set size:undefined disposed:false
269 http fetch GET 200 https://registry.npmjs.org/@alloc%2fquick-lru 118ms (cache miss)
270 silly packumentCache full:https://registry.npmjs.org/@alloc%2fquick-lru set size:undefined disposed:false
271 http fetch GET 200 https://registry.npmjs.org/scheduler 2069ms (cache miss)
272 silly packumentCache full:https://registry.npmjs.org/scheduler set size:undefined disposed:false
273 http fetch GET 200 https://registry.npmjs.org/postcss-selector-parser 238ms (cache miss)
274 silly packumentCache full:https://registry.npmjs.org/postcss-selector-parser set size:undefined disposed:false
275 http fetch GET 200 https://registry.npmjs.org/fast-glob 1033ms (cache miss)
276 silly packumentCache full:https://registry.npmjs.org/fast-glob set size:undefined disposed:false
277 http fetch GET 200 https://registry.npmjs.org/react-is 2648ms (cache miss)
278 silly packumentCache full:https://registry.npmjs.org/react-is set size:undefined disposed:false
279 silly placeDep ROOT @babel/core@7.29.7 OK for: @vitejs/plugin-react@4.7.0 want: ^7.28.0
280 silly placeDep ROOT @babel/plugin-transform-react-jsx-self@7.29.7 OK for: @vitejs/plugin-react@4.7.0 want: ^7.27.1
281 silly placeDep ROOT @babel/plugin-transform-react-jsx-source@7.29.7 OK for: @vitejs/plugin-react@4.7.0 want: ^7.27.1
282 silly placeDep ROOT @rolldown/pluginutils@1.0.0-beta.27 OK for: @vitejs/plugin-react@4.7.0 want: 1.0.0-beta.27
283 silly placeDep ROOT @types/babel__core@7.20.5 OK for: @vitejs/plugin-react@4.7.0 want: ^7.20.5
284 silly placeDep ROOT react-refresh@0.17.0 OK for: @vitejs/plugin-react@4.7.0 want: ^0.17.0
285 silly fetch manifest debug@^4.1.0
286 silly packumentCache full:https://registry.npmjs.org/debug cache-miss
287 silly fetch manifest json5@^2.2.3
288 silly packumentCache full:https://registry.npmjs.org/json5 cache-miss
289 silly fetch manifest semver@^6.3.1
290 silly packumentCache full:https://registry.npmjs.org/semver cache-miss
291 silly fetch manifest gensync@^1.0.0-beta.2
292 silly packumentCache full:https://registry.npmjs.org/gensync cache-miss
293 silly fetch manifest @babel/types@^7.29.7
294 silly packumentCache full:https://registry.npmjs.org/@babel%2ftypes cache-miss
295 silly fetch manifest @babel/parser@^7.29.7
296 silly packumentCache full:https://registry.npmjs.org/@babel%2fparser cache-miss
297 silly fetch manifest @babel/helpers@^7.29.7
298 silly packumentCache full:https://registry.npmjs.org/@babel%2fhelpers cache-miss
299 http fetch GET 200 https://registry.npmjs.org/gensync 244ms (cache miss)
300 silly packumentCache full:https://registry.npmjs.org/gensync set size:undefined disposed:false
301 silly fetch manifest @babel/template@^7.29.7
302 silly packumentCache full:https://registry.npmjs.org/@babel%2ftemplate cache-miss
303 http fetch GET 200 https://registry.npmjs.org/@babel%2ftemplate 112ms (cache miss)
304 silly packumentCache full:https://registry.npmjs.org/@babel%2ftemplate set size:undefined disposed:false
305 silly fetch manifest @babel/traverse@^7.29.7
306 silly packumentCache full:https://registry.npmjs.org/@babel%2ftraverse cache-miss
307 http fetch GET 200 https://registry.npmjs.org/@babel%2fparser 397ms (cache miss)
308 silly packumentCache full:https://registry.npmjs.org/@babel%2fparser set size:undefined disposed:false
309 silly fetch manifest @babel/generator@^7.29.7
310 silly packumentCache full:https://registry.npmjs.org/@babel%2fgenerator cache-miss
311 http fetch GET 200 https://registry.npmjs.org/@babel%2fhelpers 516ms (cache miss)
312 silly packumentCache full:https://registry.npmjs.org/@babel%2fhelpers set size:undefined disposed:false
313 silly fetch manifest @babel/code-frame@^7.29.7
314 silly packumentCache full:https://registry.npmjs.org/@babel%2fcode-frame cache-miss
315 http fetch GET 200 https://registry.npmjs.org/@babel%2fgenerator 190ms (cache miss)
316 silly packumentCache full:https://registry.npmjs.org/@babel%2fgenerator set size:undefined disposed:false
317 silly fetch manifest convert-source-map@^2.0.0
318 silly packumentCache full:https://registry.npmjs.org/convert-source-map cache-miss
319 http fetch GET 200 https://registry.npmjs.org/@babel%2ftraverse 257ms (cache miss)
320 silly packumentCache full:https://registry.npmjs.org/@babel%2ftraverse set size:undefined disposed:false
321 silly fetch manifest @jridgewell/remapping@^2.3.5
322 silly packumentCache full:https://registry.npmjs.org/@jridgewell%2fremapping cache-miss
323 http fetch GET 200 https://registry.npmjs.org/@babel%2ftypes 645ms (cache miss)
324 silly packumentCache full:https://registry.npmjs.org/@babel%2ftypes set size:undefined disposed:false
325 silly fetch manifest @babel/helper-module-transforms@^7.29.7
326 silly packumentCache full:https://registry.npmjs.org/@babel%2fhelper-module-transforms cache-miss
327 http fetch GET 200 https://registry.npmjs.org/@babel%2fcode-frame 131ms (cache miss)
328 silly packumentCache full:https://registry.npmjs.org/@babel%2fcode-frame set size:undefined disposed:false
329 silly fetch manifest @babel/helper-compilation-targets@^7.29.7
330 silly packumentCache full:https://registry.npmjs.org/@babel%2fhelper-compilation-targets cache-miss
331 http fetch GET 200 https://registry.npmjs.org/debug 704ms (cache miss)
332 silly packumentCache full:https://registry.npmjs.org/debug set size:undefined disposed:false
333 silly fetch manifest @babel/helper-plugin-utils@^7.29.7
334 silly packumentCache full:https://registry.npmjs.org/@babel%2fhelper-plugin-utils cache-miss
335 http fetch GET 200 https://registry.npmjs.org/convert-source-map 98ms (cache miss)
336 silly packumentCache full:https://registry.npmjs.org/convert-source-map set size:undefined disposed:false
337 silly fetch manifest @babel/helper-plugin-utils@^7.29.7
338 silly packumentCache full:https://registry.npmjs.org/@babel%2fhelper-plugin-utils cache-miss
339 http fetch GET 200 https://registry.npmjs.org/@jridgewell%2fremapping 110ms (cache miss)
340 silly packumentCache full:https://registry.npmjs.org/@jridgewell%2fremapping set size:undefined disposed:false
341 silly fetch manifest @babel/types@^7.20.7
342 silly packumentCache full:https://registry.npmjs.org/@babel%2ftypes cache-miss
343 http cache https://registry.npmjs.org/@babel%2ftypes 8ms (cache hit)
344 silly packumentCache full:https://registry.npmjs.org/@babel%2ftypes set size:498480 disposed:false
345 silly fetch manifest @babel/parser@^7.20.7
346 silly packumentCache full:https://registry.npmjs.org/@babel%2fparser cache-miss
347 http cache https://registry.npmjs.org/@babel%2fparser 9ms (cache hit)
348 silly packumentCache full:https://registry.npmjs.org/@babel%2fparser set size:732981 disposed:false
349 silly fetch manifest @types/babel__template@*
350 silly packumentCache full:https://registry.npmjs.org/@types%2fbabel__template cache-miss
351 http fetch GET 200 https://registry.npmjs.org/semver 785ms (cache miss)
352 silly packumentCache full:https://registry.npmjs.org/semver set size:undefined disposed:false
353 silly fetch manifest @types/babel__traverse@*
354 silly packumentCache full:https://registry.npmjs.org/@types%2fbabel__traverse cache-miss
355 http fetch GET 200 https://registry.npmjs.org/@babel%2fhelper-compilation-targets 134ms (cache miss)
356 silly packumentCache full:https://registry.npmjs.org/@babel%2fhelper-compilation-targets set size:undefined disposed:false
357 silly fetch manifest @types/babel__generator@*
358 silly packumentCache full:https://registry.npmjs.org/@types%2fbabel__generator cache-miss
359 http fetch GET 200 https://registry.npmjs.org/@babel%2fhelper-plugin-utils 134ms (cache miss)
360 silly packumentCache full:https://registry.npmjs.org/@babel%2fhelper-plugin-utils set size:undefined disposed:false
361 http fetch GET 200 https://registry.npmjs.org/@babel%2fhelper-module-transforms 197ms (cache miss)
362 silly packumentCache full:https://registry.npmjs.org/@babel%2fhelper-module-transforms set size:undefined disposed:false
363 http fetch GET 200 https://registry.npmjs.org/@types%2fbabel__template 79ms (cache miss)
364 silly packumentCache full:https://registry.npmjs.org/@types%2fbabel__template set size:undefined disposed:false
365 http fetch GET 200 https://registry.npmjs.org/@types%2fbabel__generator 87ms (cache miss)
366 silly packumentCache full:https://registry.npmjs.org/@types%2fbabel__generator set size:undefined disposed:false
367 http fetch GET 200 https://registry.npmjs.org/@babel%2fhelper-plugin-utils 199ms (cache miss)
368 silly packumentCache full:https://registry.npmjs.org/@babel%2fhelper-plugin-utils set size:undefined disposed:false
369 http fetch GET 200 https://registry.npmjs.org/@types%2fbabel__traverse 160ms (cache miss)
370 silly packumentCache full:https://registry.npmjs.org/@types%2fbabel__traverse set size:undefined disposed:false
371 http fetch GET 200 https://registry.npmjs.org/json5 2161ms (cache miss)
372 silly packumentCache full:https://registry.npmjs.org/json5 set size:undefined disposed:false
373 silly fetch manifest @babel/core@^7.0.0
374 silly packumentCache full:https://registry.npmjs.org/@babel%2fcore cache-miss
375 http cache https://registry.npmjs.org/@babel%2fcore 8ms (cache hit)
376 silly packumentCache full:https://registry.npmjs.org/@babel%2fcore set size:788258 disposed:false
377 silly placeDep ROOT @babel/code-frame@7.29.7 OK for: @babel/core@7.29.7 want: ^7.29.7
378 silly placeDep ROOT @babel/generator@7.29.7 OK for: @babel/core@7.29.7 want: ^7.29.7
379 silly placeDep ROOT @babel/helper-compilation-targets@7.29.7 OK for: @babel/core@7.29.7 want: ^7.29.7
380 silly placeDep ROOT @babel/helper-module-transforms@7.29.7 OK for: @babel/core@7.29.7 want: ^7.29.7
381 silly placeDep ROOT @babel/helpers@7.29.7 OK for: @babel/core@7.29.7 want: ^7.29.7
382 silly placeDep ROOT @babel/parser@7.29.7 OK for: @babel/core@7.29.7 want: ^7.29.7
383 silly placeDep ROOT @babel/template@7.29.7 OK for: @babel/core@7.29.7 want: ^7.29.7
384 silly placeDep ROOT @babel/traverse@7.29.7 OK for: @babel/core@7.29.7 want: ^7.29.7
385 silly placeDep ROOT @babel/types@7.29.7 OK for: @babel/core@7.29.7 want: ^7.29.7
386 silly placeDep ROOT @jridgewell/remapping@2.3.5 OK for: @babel/core@7.29.7 want: ^2.3.5
387 silly placeDep ROOT convert-source-map@2.0.0 OK for: @babel/core@7.29.7 want: ^2.0.0
388 silly placeDep ROOT debug@4.4.3 OK for: @babel/core@7.29.7 want: ^4.1.0
389 silly placeDep ROOT gensync@1.0.0-beta.2 OK for: @babel/core@7.29.7 want: ^1.0.0-beta.2
390 silly placeDep ROOT json5@2.2.3 OK for: @babel/core@7.29.7 want: ^2.2.3
391 silly placeDep ROOT semver@6.3.1 OK for: @babel/core@7.29.7 want: ^6.3.1
392 silly fetch manifest js-tokens@^4.0.0
393 silly packumentCache full:https://registry.npmjs.org/js-tokens cache-miss
394 silly fetch manifest @babel/helper-validator-identifier@^7.29.7
395 silly packumentCache full:https://registry.npmjs.org/@babel%2fhelper-validator-identifier cache-miss
396 silly fetch manifest jsesc@^3.0.2
397 silly packumentCache full:https://registry.npmjs.org/jsesc cache-miss
398 silly fetch manifest @jridgewell/gen-mapping@^0.3.12
399 silly packumentCache full:https://registry.npmjs.org/@jridgewell%2fgen-mapping cache-miss
400 silly fetch manifest @jridgewell/trace-mapping@^0.3.28
401 silly packumentCache full:https://registry.npmjs.org/@jridgewell%2ftrace-mapping cache-miss
402 silly fetch manifest lru-cache@^5.1.1
403 silly packumentCache full:https://registry.npmjs.org/lru-cache cache-miss
404 silly fetch manifest browserslist@^4.24.0
405 silly packumentCache full:https://registry.npmjs.org/browserslist cache-miss
406 http cache https://registry.npmjs.org/browserslist 24ms (cache hit)
407 silly packumentCache full:https://registry.npmjs.org/browserslist set size:509301 disposed:false
408 silly fetch manifest @babel/compat-data@^7.29.7
409 silly packumentCache full:https://registry.npmjs.org/@babel%2fcompat-data cache-miss
410 http fetch GET 200 https://registry.npmjs.org/jsesc 97ms (cache miss)
411 silly packumentCache full:https://registry.npmjs.org/jsesc set size:undefined disposed:false
412 silly fetch manifest @babel/helper-validator-option@^7.29.7
413 silly packumentCache full:https://registry.npmjs.org/@babel%2fhelper-validator-option cache-miss
414 http fetch GET 200 https://registry.npmjs.org/js-tokens 112ms (cache miss)
415 silly packumentCache full:https://registry.npmjs.org/js-tokens set size:undefined disposed:false
416 silly fetch manifest @babel/helper-module-imports@^7.29.7
417 silly packumentCache full:https://registry.npmjs.org/@babel%2fhelper-module-imports cache-miss
418 http fetch GET 200 https://registry.npmjs.org/@jridgewell%2fgen-mapping 126ms (cache miss)
419 silly packumentCache full:https://registry.npmjs.org/@jridgewell%2fgen-mapping set size:undefined disposed:false
420 silly fetch manifest @babel/helper-validator-identifier@^7.29.7
421 silly packumentCache full:https://registry.npmjs.org/@babel%2fhelper-validator-identifier cache-miss
422 http fetch GET 200 https://registry.npmjs.org/@babel%2fhelper-validator-identifier 143ms (cache miss)
423 silly packumentCache full:https://registry.npmjs.org/@babel%2fhelper-validator-identifier set size:undefined disposed:false
424 silly fetch manifest debug@^4.3.1
425 silly packumentCache full:https://registry.npmjs.org/debug cache-miss
426 http cache https://registry.npmjs.org/debug 6ms (cache hit)
427 silly packumentCache full:https://registry.npmjs.org/debug set size:195840 disposed:false
428 silly fetch manifest @babel/helper-globals@^7.29.7
429 silly packumentCache full:https://registry.npmjs.org/@babel%2fhelper-globals cache-miss
430 http fetch GET 200 https://registry.npmjs.org/@babel%2fhelper-validator-option 93ms (cache miss)
431 silly packumentCache full:https://registry.npmjs.org/@babel%2fhelper-validator-option set size:undefined disposed:false
432 silly fetch manifest @babel/helper-string-parser@^7.29.7
433 silly packumentCache full:https://registry.npmjs.org/@babel%2fhelper-string-parser cache-miss
434 http fetch GET 200 https://registry.npmjs.org/@jridgewell%2ftrace-mapping 207ms (cache miss)
435 silly packumentCache full:https://registry.npmjs.org/@jridgewell%2ftrace-mapping set size:undefined disposed:false
436 silly fetch manifest @jridgewell/gen-mapping@^0.3.5
437 silly packumentCache full:https://registry.npmjs.org/@jridgewell%2fgen-mapping cache-miss
438 http cache https://registry.npmjs.org/@jridgewell%2fgen-mapping 5ms (cache hit)
439 silly packumentCache full:https://registry.npmjs.org/@jridgewell%2fgen-mapping set size:75941 disposed:false
440 silly fetch manifest @jridgewell/trace-mapping@^0.3.24
441 silly packumentCache full:https://registry.npmjs.org/@jridgewell%2ftrace-mapping cache-miss
442 http cache https://registry.npmjs.org/@jridgewell%2ftrace-mapping 6ms (cache hit)
443 silly packumentCache full:https://registry.npmjs.org/@jridgewell%2ftrace-mapping set size:170909 disposed:false
444 silly fetch manifest ms@^2.1.3
445 silly packumentCache full:https://registry.npmjs.org/ms cache-miss
446 http fetch GET 200 https://registry.npmjs.org/lru-cache 234ms (cache miss)
447 silly packumentCache full:https://registry.npmjs.org/lru-cache set size:undefined disposed:false
448 http fetch GET 200 https://registry.npmjs.org/@babel%2fhelper-globals 100ms (cache miss)
449 silly packumentCache full:https://registry.npmjs.org/@babel%2fhelper-globals set size:undefined disposed:false
450 http fetch GET 200 https://registry.npmjs.org/@babel%2fhelper-validator-identifier 130ms (cache miss)
451 silly packumentCache full:https://registry.npmjs.org/@babel%2fhelper-validator-identifier set size:undefined disposed:false
452 http fetch GET 200 https://registry.npmjs.org/@babel%2fhelper-module-imports 149ms (cache miss)
453 silly packumentCache full:https://registry.npmjs.org/@babel%2fhelper-module-imports set size:undefined disposed:false
454 http fetch GET 200 https://registry.npmjs.org/@babel%2fhelper-string-parser 101ms (cache miss)
455 silly packumentCache full:https://registry.npmjs.org/@babel%2fhelper-string-parser set size:undefined disposed:false
456 http fetch GET 200 https://registry.npmjs.org/ms 135ms (cache miss)
457 silly packumentCache full:https://registry.npmjs.org/ms set size:undefined disposed:false
458 http fetch GET 200 https://registry.npmjs.org/@babel%2fcompat-data 1156ms (cache miss)
459 silly packumentCache full:https://registry.npmjs.org/@babel%2fcompat-data set size:undefined disposed:false
460 silly placeDep ROOT @babel/helper-validator-identifier@7.29.7 OK for: @babel/code-frame@7.29.7 want: ^7.29.7
461 silly placeDep ROOT js-tokens@4.0.0 OK for: @babel/code-frame@7.29.7 want: ^4.0.0
462 silly placeDep ROOT picocolors@1.1.1 OK for: @babel/code-frame@7.29.7 want: ^1.1.1
463 silly placeDep ROOT @jridgewell/gen-mapping@0.3.13 OK for: @babel/generator@7.29.7 want: ^0.3.12
464 silly placeDep ROOT @jridgewell/trace-mapping@0.3.31 OK for: @babel/generator@7.29.7 want: ^0.3.28
465 silly placeDep ROOT jsesc@3.1.0 OK for: @babel/generator@7.29.7 want: ^3.0.2
466 silly fetch manifest @jridgewell/sourcemap-codec@^1.5.0
467 silly packumentCache full:https://registry.npmjs.org/@jridgewell%2fsourcemap-codec cache-miss
468 silly fetch manifest @jridgewell/resolve-uri@^3.1.0
469 silly packumentCache full:https://registry.npmjs.org/@jridgewell%2fresolve-uri cache-miss
470 silly fetch manifest @jridgewell/sourcemap-codec@^1.4.14
471 silly packumentCache full:https://registry.npmjs.org/@jridgewell%2fsourcemap-codec cache-miss
472 http fetch GET 200 https://registry.npmjs.org/@jridgewell%2fsourcemap-codec 106ms (cache miss)
473 silly packumentCache full:https://registry.npmjs.org/@jridgewell%2fsourcemap-codec set size:undefined disposed:false
474 http fetch GET 200 https://registry.npmjs.org/@jridgewell%2fsourcemap-codec 113ms (cache miss)
475 silly packumentCache full:https://registry.npmjs.org/@jridgewell%2fsourcemap-codec set size:undefined disposed:false
476 http fetch GET 200 https://registry.npmjs.org/@jridgewell%2fresolve-uri 134ms (cache miss)
477 silly packumentCache full:https://registry.npmjs.org/@jridgewell%2fresolve-uri set size:undefined disposed:false
478 silly placeDep ROOT @babel/compat-data@7.29.7 OK for: @babel/helper-compilation-targets@7.29.7 want: ^7.29.7
479 silly placeDep ROOT @babel/helper-validator-option@7.29.7 OK for: @babel/helper-compilation-targets@7.29.7 want: ^7.29.7
480 silly placeDep ROOT browserslist@4.28.4 OK for: @babel/helper-compilation-targets@7.29.7 want: ^4.24.0
481 silly placeDep ROOT lru-cache@5.1.1 OK for: @babel/helper-compilation-targets@7.29.7 want: ^5.1.1
482 silly fetch manifest node-releases@^2.0.48
483 silly packumentCache full:https://registry.npmjs.org/node-releases cache-miss
484 silly fetch manifest electron-to-chromium@^1.5.376
485 silly packumentCache full:https://registry.npmjs.org/electron-to-chromium cache-miss
486 silly fetch manifest update-browserslist-db@^1.2.3
487 silly packumentCache full:https://registry.npmjs.org/update-browserslist-db cache-miss
488 silly fetch manifest baseline-browser-mapping@^2.10.38
489 silly packumentCache full:https://registry.npmjs.org/baseline-browser-mapping cache-miss
490 silly fetch manifest yallist@^3.0.2
491 silly packumentCache full:https://registry.npmjs.org/yallist cache-miss
492 http fetch GET 200 https://registry.npmjs.org/yallist 89ms (cache miss)
493 silly packumentCache full:https://registry.npmjs.org/yallist set size:undefined disposed:false
494 http fetch GET 200 https://registry.npmjs.org/update-browserslist-db 127ms (cache miss)
495 silly packumentCache full:https://registry.npmjs.org/update-browserslist-db set size:undefined disposed:false
496 http fetch GET 200 https://registry.npmjs.org/node-releases 174ms (cache miss)
497 silly packumentCache full:https://registry.npmjs.org/node-releases set size:undefined disposed:false
498 http fetch GET 200 https://registry.npmjs.org/baseline-browser-mapping 380ms (cache miss)
499 silly packumentCache full:https://registry.npmjs.org/baseline-browser-mapping set size:undefined disposed:false
500 http fetch GET 200 https://registry.npmjs.org/electron-to-chromium 1081ms (cache miss)
501 silly packumentCache full:https://registry.npmjs.org/electron-to-chromium set size:undefined disposed:false
502 silly placeDep ROOT @babel/helper-module-imports@7.29.7 OK for: @babel/helper-module-transforms@7.29.7 want: ^7.29.7
503 silly placeDep ROOT @babel/helper-plugin-utils@7.29.7 OK for: @babel/plugin-transform-react-jsx-self@7.29.7 want: ^7.29.7
504 silly placeDep ROOT @babel/helper-globals@7.29.7 OK for: @babel/traverse@7.29.7 want: ^7.29.7
505 silly placeDep ROOT @babel/helper-string-parser@7.29.7 OK for: @babel/types@7.29.7 want: ^7.29.7
506 silly placeDep ROOT @jridgewell/sourcemap-codec@1.5.5 OK for: @jridgewell/gen-mapping@0.3.13 want: ^1.5.0
507 silly placeDep ROOT @jridgewell/resolve-uri@3.1.2 OK for: @jridgewell/trace-mapping@0.3.31 want: ^3.1.0
508 silly placeDep ROOT @types/babel__generator@7.27.0 OK for: @types/babel__core@7.20.5 want: *
509 silly placeDep ROOT @types/babel__template@7.4.4 OK for: @types/babel__core@7.20.5 want: *
510 silly placeDep ROOT @types/babel__traverse@7.28.0 OK for: @types/babel__core@7.20.5 want: *
511 silly placeDep ROOT caniuse-lite@1.0.30001800 OK for: autoprefixer@10.5.2 want: ^1.0.30001799
512 silly placeDep ROOT fraction.js@5.3.4 OK for: autoprefixer@10.5.2 want: ^5.3.4
513 silly placeDep ROOT postcss-value-parser@4.2.0 OK for: autoprefixer@10.5.2 want: ^4.2.0
514 silly fetch manifest browserslist@>= 4.21.0
515 silly packumentCache full:https://registry.npmjs.org/browserslist cache-hit
516 silly placeDep ROOT baseline-browser-mapping@2.10.40 OK for: browserslist@4.28.4 want: ^2.10.38
517 silly placeDep ROOT electron-to-chromium@1.5.382 OK for: browserslist@4.28.4 want: ^1.5.376
518 silly placeDep ROOT node-releases@2.0.50 OK for: browserslist@4.28.4 want: ^2.0.48
519 silly placeDep ROOT update-browserslist-db@1.2.3 OK for: browserslist@4.28.4 want: ^1.2.3
520 silly fetch manifest escalade@^3.2.0
521 silly packumentCache full:https://registry.npmjs.org/escalade cache-miss
522 http fetch GET 200 https://registry.npmjs.org/escalade 88ms (cache miss)
523 silly packumentCache full:https://registry.npmjs.org/escalade set size:undefined disposed:false
524 silly placeDep ROOT ms@2.1.3 OK for: debug@4.4.3 want: ^2.1.3
525 silly placeDep ROOT yallist@3.1.1 OK for: lru-cache@5.1.1 want: ^3.0.2
526 silly placeDep ROOT nanoid@3.3.15 OK for: postcss@8.5.16 want: ^3.3.12
527 silly placeDep ROOT source-map-js@1.2.1 OK for: postcss@8.5.16 want: ^1.2.1
528 silly placeDep ROOT loose-envify@1.4.0 OK for: react@18.3.1 want: ^1.1.0
529 silly placeDep ROOT scheduler@0.23.2 OK for: react-dom@18.3.1 want: ^0.23.2
530 silly fetch manifest react@^16.0.0 || ^17.0.0 || ^18.0.0 || ^19.0.0
531 silly packumentCache full:https://registry.npmjs.org/react cache-miss
532 http cache https://registry.npmjs.org/react 44ms (cache hit)
533 silly packumentCache full:https://registry.npmjs.org/react set size:6747163 disposed:false
534 silly fetch manifest react-dom@^16.0.0 || ^17.0.0 || ^18.0.0 || ^19.0.0
535 silly packumentCache full:https://registry.npmjs.org/react-dom cache-miss
536 http cache https://registry.npmjs.org/react-dom 28ms (cache hit)
537 silly packumentCache full:https://registry.npmjs.org/react-dom set size:9025663 disposed:false
538 silly placeDep ROOT clsx@2.1.1 OK for: recharts@2.15.4 want: ^2.0.0
539 silly placeDep ROOT eventemitter3@4.0.7 OK for: recharts@2.15.4 want: ^4.0.1
540 silly placeDep ROOT lodash@4.18.1 OK for: recharts@2.15.4 want: ^4.17.21
541 silly placeDep ROOT react-is@18.3.1 OK for: recharts@2.15.4 want: ^18.3.1
542 silly placeDep ROOT react-smooth@4.0.4 OK for: recharts@2.15.4 want: ^4.0.4
543 silly placeDep ROOT recharts-scale@0.4.5 OK for: recharts@2.15.4 want: ^0.4.4
544 silly placeDep ROOT tiny-invariant@1.3.3 OK for: recharts@2.15.4 want: ^1.3.1
545 silly placeDep ROOT victory-vendor@36.9.2 OK for: recharts@2.15.4 want: ^36.6.8
546 silly fetch manifest fast-equals@^5.0.1
547 silly packumentCache full:https://registry.npmjs.org/fast-equals cache-miss
548 silly fetch manifest prop-types@^15.8.1
549 silly packumentCache full:https://registry.npmjs.org/prop-types cache-miss
550 silly fetch manifest react-transition-group@^4.4.5
551 silly packumentCache full:https://registry.npmjs.org/react-transition-group cache-miss
552 silly fetch manifest decimal.js-light@^2.4.1
553 silly packumentCache full:https://registry.npmjs.org/decimal.js-light cache-miss
554 silly fetch manifest d3-ease@^3.0.1
555 silly packumentCache full:https://registry.npmjs.org/d3-ease cache-miss
556 silly fetch manifest d3-time@^3.0.0
557 silly packumentCache full:https://registry.npmjs.org/d3-time cache-miss
558 silly fetch manifest d3-array@^3.1.6
559 silly packumentCache full:https://registry.npmjs.org/d3-array cache-miss
560 http fetch GET 200 https://registry.npmjs.org/decimal.js-light 97ms (cache miss)
561 silly packumentCache full:https://registry.npmjs.org/decimal.js-light set size:undefined disposed:false
562 silly fetch manifest d3-scale@^4.0.2
563 silly packumentCache full:https://registry.npmjs.org/d3-scale cache-miss
564 http fetch GET 200 https://registry.npmjs.org/d3-time 105ms (cache miss)
565 silly packumentCache full:https://registry.npmjs.org/d3-time set size:undefined disposed:false
566 silly fetch manifest d3-shape@^3.1.0
567 silly packumentCache full:https://registry.npmjs.org/d3-shape cache-miss
568 http fetch GET 200 https://registry.npmjs.org/d3-array 117ms (cache miss)
569 silly packumentCache full:https://registry.npmjs.org/d3-array set size:undefined disposed:false
570 silly fetch manifest d3-timer@^3.0.1
571 silly packumentCache full:https://registry.npmjs.org/d3-timer cache-miss
572 http fetch GET 200 https://registry.npmjs.org/prop-types 160ms (cache miss)
573 silly packumentCache full:https://registry.npmjs.org/prop-types set size:undefined disposed:false
574 silly fetch manifest @types/d3-ease@^3.0.0
575 silly packumentCache full:https://registry.npmjs.org/@types%2fd3-ease cache-miss
576 http fetch GET 200 https://registry.npmjs.org/react-transition-group 168ms (cache miss)
577 silly packumentCache full:https://registry.npmjs.org/react-transition-group set size:undefined disposed:false
578 silly fetch manifest @types/d3-time@^3.0.0
579 silly packumentCache full:https://registry.npmjs.org/@types%2fd3-time cache-miss
580 http fetch GET 200 https://registry.npmjs.org/fast-equals 177ms (cache miss)
581 silly packumentCache full:https://registry.npmjs.org/fast-equals set size:undefined disposed:false
582 silly fetch manifest d3-interpolate@^3.0.1
583 silly packumentCache full:https://registry.npmjs.org/d3-interpolate cache-miss
584 http fetch GET 200 https://registry.npmjs.org/d3-timer 87ms (cache miss)
585 silly packumentCache full:https://registry.npmjs.org/d3-timer set size:undefined disposed:false
586 silly fetch manifest @types/d3-array@^3.0.3
587 silly packumentCache full:https://registry.npmjs.org/@types%2fd3-array cache-miss
588 http fetch GET 200 https://registry.npmjs.org/d3-shape 104ms (cache miss)
589 silly packumentCache full:https://registry.npmjs.org/d3-shape set size:undefined disposed:false
590 silly fetch manifest @types/d3-scale@^4.0.2
591 silly packumentCache full:https://registry.npmjs.org/@types%2fd3-scale cache-miss
592 http fetch GET 200 https://registry.npmjs.org/d3-ease 225ms (cache miss)
593 silly packumentCache full:https://registry.npmjs.org/d3-ease set size:undefined disposed:false
594 silly fetch manifest @types/d3-shape@^3.1.0
595 silly packumentCache full:https://registry.npmjs.org/@types%2fd3-shape cache-miss
596 http fetch GET 200 https://registry.npmjs.org/d3-scale 162ms (cache miss)
597 silly packumentCache full:https://registry.npmjs.org/d3-scale set size:undefined disposed:false
598 silly fetch manifest @types/d3-timer@^3.0.0
599 silly packumentCache full:https://registry.npmjs.org/@types%2fd3-timer cache-miss
600 http fetch GET 200 https://registry.npmjs.org/@types%2fd3-time 127ms (cache miss)
601 silly packumentCache full:https://registry.npmjs.org/@types%2fd3-time set size:undefined disposed:false
602 silly fetch manifest @types/d3-interpolate@^3.0.1
603 silly packumentCache full:https://registry.npmjs.org/@types%2fd3-interpolate cache-miss
604 http fetch GET 200 https://registry.npmjs.org/d3-interpolate 119ms (cache miss)
605 silly packumentCache full:https://registry.npmjs.org/d3-interpolate set size:undefined disposed:false
606 http fetch GET 200 https://registry.npmjs.org/@types%2fd3-array 112ms (cache miss)
607 silly packumentCache full:https://registry.npmjs.org/@types%2fd3-array set size:undefined disposed:false
608 http fetch GET 200 https://registry.npmjs.org/@types%2fd3-scale 117ms (cache miss)
609 silly packumentCache full:https://registry.npmjs.org/@types%2fd3-scale set size:undefined disposed:false
610 http fetch GET 200 https://registry.npmjs.org/@types%2fd3-timer 116ms (cache miss)
611 silly packumentCache full:https://registry.npmjs.org/@types%2fd3-timer set size:undefined disposed:false
612 http fetch GET 200 https://registry.npmjs.org/@types%2fd3-interpolate 143ms (cache miss)
613 silly packumentCache full:https://registry.npmjs.org/@types%2fd3-interpolate set size:undefined disposed:false
614 http fetch GET 200 https://registry.npmjs.org/@types%2fd3-ease 321ms (cache miss)
615 silly packumentCache full:https://registry.npmjs.org/@types%2fd3-ease set size:undefined disposed:false
616 http fetch GET 200 https://registry.npmjs.org/@types%2fd3-shape 304ms (cache miss)
617 silly packumentCache full:https://registry.npmjs.org/@types%2fd3-shape set size:undefined disposed:false
618 silly fetch manifest react@^16.8.0 || ^17.0.0 || ^18.0.0 || ^19.0.0
619 silly packumentCache full:https://registry.npmjs.org/react cache-miss
620 http cache https://registry.npmjs.org/react 37ms (cache hit)
621 silly packumentCache full:https://registry.npmjs.org/react set size:6747163 disposed:false
622 silly fetch manifest react-dom@^16.8.0 || ^17.0.0 || ^18.0.0 || ^19.0.0
623 silly packumentCache full:https://registry.npmjs.org/react-dom cache-miss
624 http cache https://registry.npmjs.org/react-dom 31ms (cache hit)
625 silly packumentCache full:https://registry.npmjs.org/react-dom set size:9025663 disposed:false
626 silly placeDep ROOT fast-equals@5.4.0 OK for: react-smooth@4.0.4 want: ^5.0.1
627 silly placeDep ROOT prop-types@15.8.1 OK for: react-smooth@4.0.4 want: ^15.8.1
628 silly placeDep ROOT react-transition-group@4.4.5 OK for: react-smooth@4.0.4 want: ^4.4.5
629 silly fetch manifest object-assign@^4.1.1
630 silly packumentCache full:https://registry.npmjs.org/object-assign cache-miss
631 silly fetch manifest react-is@^16.13.1
632 silly packumentCache full:https://registry.npmjs.org/react-is cache-miss
633 silly fetch manifest @babel/runtime@^7.5.5
634 silly packumentCache full:https://registry.npmjs.org/@babel%2fruntime cache-miss
635 silly fetch manifest dom-helpers@^5.0.1
636 silly packumentCache full:https://registry.npmjs.org/dom-helpers cache-miss
637 http cache https://registry.npmjs.org/react-is 30ms (cache hit)
638 silly packumentCache full:https://registry.npmjs.org/react-is set size:5458963 disposed:false
639 http fetch GET 200 https://registry.npmjs.org/object-assign 137ms (cache miss)
640 silly packumentCache full:https://registry.npmjs.org/object-assign set size:undefined disposed:false
641 http fetch GET 200 https://registry.npmjs.org/dom-helpers 294ms (cache miss)
642 silly packumentCache full:https://registry.npmjs.org/dom-helpers set size:undefined disposed:false
643 http fetch GET 200 https://registry.npmjs.org/@babel%2fruntime 316ms (cache miss)
644 silly packumentCache full:https://registry.npmjs.org/@babel%2fruntime set size:undefined disposed:false
645 silly placeDep ROOT object-assign@4.1.1 OK for: prop-types@15.8.1 want: ^4.1.1
646 silly placeDep node_modules/prop-types react-is@16.13.1 OK for: prop-types@15.8.1 want: ^16.13.1
647 silly placeDep ROOT @babel/runtime@7.29.7 OK for: react-transition-group@4.4.5 want: ^7.5.5
648 silly placeDep ROOT dom-helpers@5.2.1 OK for: react-transition-group@4.4.5 want: ^5.0.1
649 silly fetch manifest csstype@^3.0.2
650 silly packumentCache full:https://registry.npmjs.org/csstype cache-miss
651 http fetch GET 200 https://registry.npmjs.org/csstype 129ms (cache miss)
652 silly packumentCache full:https://registry.npmjs.org/csstype set size:undefined disposed:false
653 silly placeDep ROOT csstype@3.2.3 OK for: dom-helpers@5.2.1 want: ^3.0.2
654 silly placeDep ROOT decimal.js-light@2.5.1 OK for: recharts-scale@0.4.5 want: ^2.4.1
655 silly fetch manifest postcss@^8.4.47
656 silly packumentCache full:https://registry.npmjs.org/postcss cache-hit
657 silly fetch manifest tsx@^4.8.1
658 silly packumentCache full:https://registry.npmjs.org/tsx cache-miss
659 http fetch GET 200 https://registry.npmjs.org/tsx 210ms (cache miss)
660 silly packumentCache full:https://registry.npmjs.org/tsx set size:undefined disposed:false
661 silly fetch manifest yaml@^2.4.2
662 silly packumentCache full:https://registry.npmjs.org/yaml cache-miss
663 http fetch GET 200 https://registry.npmjs.org/yaml 185ms (cache miss)
664 silly packumentCache full:https://registry.npmjs.org/yaml set size:undefined disposed:false
665 silly placeDep ROOT @alloc/quick-lru@5.2.0 OK for: tailwindcss@3.4.19 want: ^5.2.0
666 silly placeDep ROOT arg@5.0.2 OK for: tailwindcss@3.4.19 want: ^5.0.2
667 silly placeDep ROOT chokidar@3.6.0 OK for: tailwindcss@3.4.19 want: ^3.6.0
668 silly placeDep ROOT didyoumean@1.2.2 OK for: tailwindcss@3.4.19 want: ^1.2.2
669 silly placeDep ROOT dlv@1.1.3 OK for: tailwindcss@3.4.19 want: ^1.1.3
670 silly placeDep ROOT fast-glob@3.3.3 OK for: tailwindcss@3.4.19 want: ^3.3.2
671 silly placeDep ROOT glob-parent@6.0.2 OK for: tailwindcss@3.4.19 want: ^6.0.2
672 silly placeDep ROOT is-glob@4.0.3 OK for: tailwindcss@3.4.19 want: ^4.0.3
673 silly placeDep ROOT jiti@1.21.7 OK for: tailwindcss@3.4.19 want: ^1.21.7
674 silly placeDep ROOT lilconfig@3.1.3 OK for: tailwindcss@3.4.19 want: ^3.1.3
675 silly placeDep ROOT micromatch@4.0.8 OK for: tailwindcss@3.4.19 want: ^4.0.8
676 silly placeDep ROOT normalize-path@3.0.0 OK for: tailwindcss@3.4.19 want: ^3.0.0
677 silly placeDep ROOT object-hash@3.0.0 OK for: tailwindcss@3.4.19 want: ^3.0.0
678 silly placeDep ROOT postcss-import@15.1.0 OK for: tailwindcss@3.4.19 want: ^15.1.0
679 silly placeDep ROOT postcss-js@4.1.0 OK for: tailwindcss@3.4.19 want: ^4.0.1
680 silly placeDep ROOT postcss-load-config@6.0.1 OK for: tailwindcss@3.4.19 want: ^4.0.2 || ^5.0 || ^6.0
681 silly placeDep ROOT postcss-nested@6.2.0 OK for: tailwindcss@3.4.19 want: ^6.2.0
682 silly placeDep ROOT postcss-selector-parser@6.1.4 OK for: tailwindcss@3.4.19 want: ^6.1.2
683 silly placeDep ROOT resolve@1.22.12 OK for: tailwindcss@3.4.19 want: ^1.22.8
684 silly placeDep ROOT sucrase@3.35.1 OK for: tailwindcss@3.4.19 want: ^3.35.0
685 silly fetch manifest braces@~3.0.2
686 silly packumentCache full:https://registry.npmjs.org/braces cache-miss
687 silly fetch manifest is-glob@~4.0.1
688 silly packumentCache full:https://registry.npmjs.org/is-glob cache-miss
689 silly fetch manifest anymatch@~3.1.2
690 silly packumentCache full:https://registry.npmjs.org/anymatch cache-miss
691 silly fetch manifest readdirp@~3.6.0
692 silly packumentCache full:https://registry.npmjs.org/readdirp cache-miss
693 silly fetch manifest glob-parent@~5.1.2
694 silly packumentCache full:https://registry.npmjs.org/glob-parent cache-miss
695 silly fetch manifest is-binary-path@~2.1.0
696 silly packumentCache full:https://registry.npmjs.org/is-binary-path cache-miss
697 silly fetch manifest normalize-path@~3.0.0
698 silly packumentCache full:https://registry.npmjs.org/normalize-path cache-miss
699 http cache https://registry.npmjs.org/glob-parent 12ms (cache hit)
700 silly packumentCache full:https://registry.npmjs.org/glob-parent set size:42445 disposed:false
701 silly fetch manifest fsevents@~2.3.2
702 silly packumentCache full:https://registry.npmjs.org/fsevents cache-miss
703 http cache https://registry.npmjs.org/is-glob 16ms (cache hit)
704 silly packumentCache full:https://registry.npmjs.org/is-glob set size:40530 disposed:false
705 silly fetch manifest @nodelib/fs.stat@^2.0.2
706 silly packumentCache full:https://registry.npmjs.org/@nodelib%2ffs.stat cache-miss
707 http cache https://registry.npmjs.org/normalize-path 17ms (cache hit)
708 silly packumentCache full:https://registry.npmjs.org/normalize-path set size:28713 disposed:false
709 silly fetch manifest @nodelib/fs.walk@^1.2.3
710 silly packumentCache full:https://registry.npmjs.org/@nodelib%2ffs.walk cache-miss
711 http cache https://registry.npmjs.org/fsevents 20ms (cache hit)
712 silly packumentCache full:https://registry.npmjs.org/fsevents set size:182472 disposed:false
713 silly fetch manifest glob-parent@^5.1.2
714 silly packumentCache full:https://registry.npmjs.org/glob-parent cache-hit
715 silly fetch manifest merge2@^1.3.0
716 silly packumentCache full:https://registry.npmjs.org/merge2 cache-miss
717 http fetch GET 200 https://registry.npmjs.org/anymatch 88ms (cache miss)
718 silly packumentCache full:https://registry.npmjs.org/anymatch set size:undefined disposed:false
719 silly fetch manifest is-extglob@^2.1.1
720 silly packumentCache full:https://registry.npmjs.org/is-extglob cache-miss
721 http fetch GET 200 https://registry.npmjs.org/is-binary-path 97ms (cache miss)
722 silly packumentCache full:https://registry.npmjs.org/is-binary-path set size:undefined disposed:false
723 silly fetch manifest braces@^3.0.3
724 silly packumentCache full:https://registry.npmjs.org/braces cache-miss
725 http fetch GET 200 https://registry.npmjs.org/readdirp 114ms (cache miss)
726 silly packumentCache full:https://registry.npmjs.org/readdirp set size:undefined disposed:false
727 silly fetch manifest picomatch@^2.3.1
728 silly packumentCache full:https://registry.npmjs.org/picomatch cache-miss
729 http fetch GET 200 https://registry.npmjs.org/merge2 84ms (cache miss)
730 silly packumentCache full:https://registry.npmjs.org/merge2 set size:undefined disposed:false
731 silly fetch manifest resolve@^1.1.7
732 silly packumentCache full:https://registry.npmjs.org/resolve cache-miss
733 http cache https://registry.npmjs.org/resolve 7ms (cache hit)
734 silly packumentCache full:https://registry.npmjs.org/resolve set size:244568 disposed:false
735 silly fetch manifest read-cache@^1.0.0
736 silly packumentCache full:https://registry.npmjs.org/read-cache cache-miss
737 http fetch GET 200 https://registry.npmjs.org/@nodelib%2ffs.stat 142ms (cache miss)
738 silly packumentCache full:https://registry.npmjs.org/@nodelib%2ffs.stat set size:undefined disposed:false
739 silly fetch manifest camelcase-css@^2.0.1
740 silly packumentCache full:https://registry.npmjs.org/camelcase-css cache-miss
741 http fetch GET 200 https://registry.npmjs.org/@nodelib%2ffs.walk 147ms (cache miss)
742 silly packumentCache full:https://registry.npmjs.org/@nodelib%2ffs.walk set size:undefined disposed:false
743 silly fetch manifest postcss-selector-parser@^6.1.1
744 silly packumentCache full:https://registry.npmjs.org/postcss-selector-parser cache-miss
745 http cache https://registry.npmjs.org/postcss-selector-parser 6ms (cache hit)
746 silly packumentCache full:https://registry.npmjs.org/postcss-selector-parser set size:193966 disposed:false
747 silly fetch manifest cssesc@^3.0.0
748 silly packumentCache full:https://registry.npmjs.org/cssesc cache-miss
749 http fetch GET 200 https://registry.npmjs.org/braces 187ms (cache miss)
750 silly packumentCache full:https://registry.npmjs.org/braces set size:undefined disposed:false
751 silly fetch manifest util-deprecate@^1.0.2
752 silly packumentCache full:https://registry.npmjs.org/util-deprecate cache-miss
753 http fetch GET 200 https://registry.npmjs.org/is-extglob 103ms (cache miss)
754 silly packumentCache full:https://registry.npmjs.org/is-extglob set size:undefined disposed:false
755 silly fetch manifest es-errors@^1.3.0
756 silly packumentCache full:https://registry.npmjs.org/es-errors cache-miss
757 http fetch GET 200 https://registry.npmjs.org/braces 104ms (cache miss)
758 silly packumentCache full:https://registry.npmjs.org/braces set size:undefined disposed:false
759 silly fetch manifest path-parse@^1.0.7
760 silly packumentCache full:https://registry.npmjs.org/path-parse cache-miss
761 http fetch GET 200 https://registry.npmjs.org/read-cache 89ms (cache miss)
762 silly packumentCache full:https://registry.npmjs.org/read-cache set size:undefined disposed:false
763 silly fetch manifest is-core-module@^2.16.1
764 silly packumentCache full:https://registry.npmjs.org/is-core-module cache-miss
765 http fetch GET 200 https://registry.npmjs.org/picomatch 115ms (cache miss)
766 silly packumentCache full:https://registry.npmjs.org/picomatch set size:undefined disposed:false
767 silly fetch manifest supports-preserve-symlinks-flag@^1.0.0
768 silly packumentCache full:https://registry.npmjs.org/supports-preserve-symlinks-flag cache-miss
769 http fetch GET 200 https://registry.npmjs.org/cssesc 90ms (cache miss)
770 silly packumentCache full:https://registry.npmjs.org/cssesc set size:undefined disposed:false
771 silly fetch manifest commander@^4.0.0
772 silly packumentCache full:https://registry.npmjs.org/commander cache-miss
773 http fetch GET 200 https://registry.npmjs.org/util-deprecate 84ms (cache miss)
774 silly packumentCache full:https://registry.npmjs.org/util-deprecate set size:undefined disposed:false
775 silly fetch manifest lines-and-columns@^1.1.6
776 silly packumentCache full:https://registry.npmjs.org/lines-and-columns cache-miss
777 http fetch GET 200 https://registry.npmjs.org/camelcase-css 118ms (cache miss)
778 silly packumentCache full:https://registry.npmjs.org/camelcase-css set size:undefined disposed:false
779 silly fetch manifest mz@^2.7.0
780 silly packumentCache full:https://registry.npmjs.org/mz cache-miss
781 http fetch GET 200 https://registry.npmjs.org/es-errors 87ms (cache miss)
782 silly packumentCache full:https://registry.npmjs.org/es-errors set size:undefined disposed:false
783 silly fetch manifest pirates@^4.0.1
784 silly packumentCache full:https://registry.npmjs.org/pirates cache-miss
785 http fetch GET 200 https://registry.npmjs.org/path-parse 95ms (cache miss)
786 silly packumentCache full:https://registry.npmjs.org/path-parse set size:undefined disposed:false
787 silly fetch manifest tinyglobby@^0.2.11
788 silly packumentCache full:https://registry.npmjs.org/tinyglobby cache-miss
789 http fetch GET 200 https://registry.npmjs.org/supports-preserve-symlinks-flag 72ms (cache miss)
790 silly packumentCache full:https://registry.npmjs.org/supports-preserve-symlinks-flag set size:undefined disposed:false
791 silly fetch manifest ts-interface-checker@^0.1.9
792 silly packumentCache full:https://registry.npmjs.org/ts-interface-checker cache-miss
793 http fetch GET 200 https://registry.npmjs.org/is-core-module 89ms (cache miss)
794 silly packumentCache full:https://registry.npmjs.org/is-core-module set size:undefined disposed:false
795 http fetch GET 200 https://registry.npmjs.org/lines-and-columns 98ms (cache miss)
796 silly packumentCache full:https://registry.npmjs.org/lines-and-columns set size:undefined disposed:false
797 http fetch GET 200 https://registry.npmjs.org/mz 103ms (cache miss)
798 silly packumentCache full:https://registry.npmjs.org/mz set size:undefined disposed:false
799 http fetch GET 200 https://registry.npmjs.org/ts-interface-checker 79ms (cache miss)
800 silly packumentCache full:https://registry.npmjs.org/ts-interface-checker set size:undefined disposed:false
801 http fetch GET 200 https://registry.npmjs.org/tinyglobby 95ms (cache miss)
802 silly packumentCache full:https://registry.npmjs.org/tinyglobby set size:undefined disposed:false
803 http fetch GET 200 https://registry.npmjs.org/pirates 142ms (cache miss)
804 silly packumentCache full:https://registry.npmjs.org/pirates set size:undefined disposed:false
805 http fetch GET 200 https://registry.npmjs.org/commander 429ms (cache miss)
806 silly packumentCache full:https://registry.npmjs.org/commander set size:undefined disposed:false
807 silly placeDep ROOT anymatch@3.1.3 OK for: chokidar@3.6.0 want: ~3.1.2
808 silly placeDep ROOT braces@3.0.3 OK for: chokidar@3.6.0 want: ~3.0.2
809 silly placeDep ROOT fsevents@2.3.3 OK for: chokidar@3.6.0 want: ~2.3.2
810 silly placeDep node_modules/chokidar glob-parent@5.1.2 OK for: chokidar@3.6.0 want: ~5.1.2
811 silly placeDep ROOT is-binary-path@2.1.0 OK for: chokidar@3.6.0 want: ~2.1.0
812 silly placeDep ROOT readdirp@3.6.0 OK for: chokidar@3.6.0 want: ~3.6.0
813 silly fetch manifest picomatch@^2.0.4
814 silly packumentCache full:https://registry.npmjs.org/picomatch cache-miss
815 silly fetch manifest fill-range@^7.1.1
816 silly packumentCache full:https://registry.npmjs.org/fill-range cache-miss
817 silly fetch manifest binary-extensions@^2.0.0
818 silly packumentCache full:https://registry.npmjs.org/binary-extensions cache-miss
819 silly fetch manifest picomatch@^2.2.1
820 silly packumentCache full:https://registry.npmjs.org/picomatch cache-miss
821 http cache https://registry.npmjs.org/picomatch 24ms (cache hit)
822 silly packumentCache full:https://registry.npmjs.org/picomatch set size:126376 disposed:false
823 http cache https://registry.npmjs.org/picomatch 29ms (cache hit)
824 silly packumentCache full:https://registry.npmjs.org/picomatch set size:126376 disposed:false
825 silly packumentCache full:https://registry.npmjs.org/picomatch dispose
826 http fetch GET 200 https://registry.npmjs.org/fill-range 108ms (cache miss)
827 silly packumentCache full:https://registry.npmjs.org/fill-range set size:undefined disposed:false
828 http fetch GET 200 https://registry.npmjs.org/binary-extensions 111ms (cache miss)
829 silly packumentCache full:https://registry.npmjs.org/binary-extensions set size:undefined disposed:false
830 silly placeDep ROOT picomatch@2.3.2 OK for: anymatch@3.1.3 want: ^2.0.4
831 silly placeDep ROOT fill-range@7.1.1 OK for: braces@3.0.3 want: ^7.1.1
832 silly fetch manifest to-regex-range@^5.0.1
833 silly packumentCache full:https://registry.npmjs.org/to-regex-range cache-miss
834 http fetch GET 200 https://registry.npmjs.org/to-regex-range 158ms (cache miss)
835 silly packumentCache full:https://registry.npmjs.org/to-regex-range set size:undefined disposed:false
836 silly placeDep ROOT @nodelib/fs.stat@2.0.5 OK for: fast-glob@3.3.3 want: ^2.0.2
837 silly placeDep ROOT @nodelib/fs.walk@1.2.8 OK for: fast-glob@3.3.3 want: ^1.2.3
838 silly placeDep node_modules/fast-glob glob-parent@5.1.2 OK for: fast-glob@3.3.3 want: ^5.1.2
839 silly placeDep ROOT merge2@1.4.1 OK for: fast-glob@3.3.3 want: ^1.3.0
840 silly fetch manifest fastq@^1.6.0
841 silly packumentCache full:https://registry.npmjs.org/fastq cache-miss
842 silly fetch manifest @nodelib/fs.scandir@2.1.5
843 silly packumentCache full:https://registry.npmjs.org/@nodelib%2ffs.scandir cache-miss
844 http fetch GET 200 https://registry.npmjs.org/fastq 106ms (cache miss)
845 silly packumentCache full:https://registry.npmjs.org/fastq set size:undefined disposed:false
846 http fetch GET 200 https://registry.npmjs.org/@nodelib%2ffs.scandir 123ms (cache miss)
847 silly packumentCache full:https://registry.npmjs.org/@nodelib%2ffs.scandir set size:undefined disposed:false
848 silly placeDep ROOT @nodelib/fs.scandir@2.1.5 OK for: @nodelib/fs.walk@1.2.8 want: 2.1.5
849 silly placeDep ROOT fastq@1.20.1 OK for: @nodelib/fs.walk@1.2.8 want: ^1.6.0
850 silly fetch manifest run-parallel@^1.1.9
851 silly packumentCache full:https://registry.npmjs.org/run-parallel cache-miss
852 silly fetch manifest reusify@^1.0.4
853 silly packumentCache full:https://registry.npmjs.org/reusify cache-miss
854 http fetch GET 200 https://registry.npmjs.org/reusify 92ms (cache miss)
855 silly packumentCache full:https://registry.npmjs.org/reusify set size:undefined disposed:false
856 http fetch GET 200 https://registry.npmjs.org/run-parallel 94ms (cache miss)
857 silly packumentCache full:https://registry.npmjs.org/run-parallel set size:undefined disposed:false
858 silly placeDep ROOT run-parallel@1.2.0 OK for: @nodelib/fs.scandir@2.1.5 want: ^1.1.9
859 silly fetch manifest queue-microtask@^1.2.2
860 silly packumentCache full:https://registry.npmjs.org/queue-microtask cache-miss
861 http fetch GET 200 https://registry.npmjs.org/queue-microtask 76ms (cache miss)
862 silly packumentCache full:https://registry.npmjs.org/queue-microtask set size:undefined disposed:false
863 silly placeDep ROOT reusify@1.1.0 OK for: fastq@1.20.1 want: ^1.0.4
864 silly placeDep ROOT to-regex-range@5.0.1 OK for: fill-range@7.1.1 want: ^5.0.1
865 silly fetch manifest is-number@^7.0.0
866 silly packumentCache full:https://registry.npmjs.org/is-number cache-miss
867 http fetch GET 200 https://registry.npmjs.org/is-number 88ms (cache miss)
868 silly packumentCache full:https://registry.npmjs.org/is-number set size:undefined disposed:false
869 silly placeDep ROOT binary-extensions@2.3.0 OK for: is-binary-path@2.1.0 want: ^2.0.0
870 silly placeDep ROOT is-extglob@2.1.1 OK for: is-glob@4.0.3 want: ^2.1.1
871 silly placeDep ROOT read-cache@1.0.0 OK for: postcss-import@15.1.0 want: ^1.0.0
872 silly fetch manifest pify@^2.3.0
873 silly packumentCache full:https://registry.npmjs.org/pify cache-miss
874 http fetch GET 200 https://registry.npmjs.org/pify 130ms (cache miss)
875 silly packumentCache full:https://registry.npmjs.org/pify set size:undefined disposed:false
876 silly placeDep ROOT camelcase-css@2.0.1 OK for: postcss-js@4.1.0 want: ^2.0.1
877 silly placeDep ROOT cssesc@3.0.0 OK for: postcss-selector-parser@6.1.4 want: ^3.0.0
878 silly placeDep ROOT util-deprecate@1.0.2 OK for: postcss-selector-parser@6.1.4 want: ^1.0.2
879 silly placeDep ROOT pify@2.3.0 OK for: read-cache@1.0.0 want: ^2.3.0
880 silly placeDep ROOT es-errors@1.3.0 OK for: resolve@1.22.12 want: ^1.3.0
881 silly placeDep ROOT is-core-module@2.16.2 OK for: resolve@1.22.12 want: ^2.16.1
882 silly placeDep ROOT path-parse@1.0.7 OK for: resolve@1.22.12 want: ^1.0.7
883 silly placeDep ROOT supports-preserve-symlinks-flag@1.0.0 OK for: resolve@1.22.12 want: ^1.0.0
884 silly fetch manifest hasown@^2.0.3
885 silly packumentCache full:https://registry.npmjs.org/hasown cache-miss
886 http fetch GET 200 https://registry.npmjs.org/hasown 226ms (cache miss)
887 silly packumentCache full:https://registry.npmjs.org/hasown set size:undefined disposed:false
888 silly placeDep ROOT hasown@2.0.4 OK for: is-core-module@2.16.2 want: ^2.0.3
889 silly fetch manifest function-bind@^1.1.2
890 silly packumentCache full:https://registry.npmjs.org/function-bind cache-miss
891 http fetch GET 200 https://registry.npmjs.org/function-bind 75ms (cache miss)
892 silly packumentCache full:https://registry.npmjs.org/function-bind set size:undefined disposed:false
893 silly placeDep ROOT function-bind@1.1.2 OK for: hasown@2.0.4 want: ^1.1.2
894 silly placeDep ROOT queue-microtask@1.2.3 OK for: run-parallel@1.2.0 want: ^1.2.2
895 silly placeDep ROOT commander@4.1.1 OK for: sucrase@3.35.1 want: ^4.0.0
896 silly placeDep ROOT lines-and-columns@1.2.4 OK for: sucrase@3.35.1 want: ^1.1.6
897 silly placeDep ROOT mz@2.7.0 OK for: sucrase@3.35.1 want: ^2.7.0
898 silly placeDep ROOT pirates@4.0.7 OK for: sucrase@3.35.1 want: ^4.0.1
899 silly placeDep ROOT tinyglobby@0.2.17 OK for: sucrase@3.35.1 want: ^0.2.11
900 silly placeDep ROOT ts-interface-checker@0.1.13 OK for: sucrase@3.35.1 want: ^0.1.9
901 silly fetch manifest any-promise@^1.0.0
902 silly packumentCache full:https://registry.npmjs.org/any-promise cache-miss
903 silly fetch manifest thenify-all@^1.0.0
904 silly packumentCache full:https://registry.npmjs.org/thenify-all cache-miss
905 silly fetch manifest fdir@^6.5.0
906 silly packumentCache full:https://registry.npmjs.org/fdir cache-miss
907 silly fetch manifest picomatch@^4.0.4
908 silly packumentCache full:https://registry.npmjs.org/picomatch cache-hit
909 http fetch GET 200 https://registry.npmjs.org/any-promise 68ms (cache miss)
910 silly packumentCache full:https://registry.npmjs.org/any-promise set size:undefined disposed:false
911 http fetch GET 200 https://registry.npmjs.org/thenify-all 69ms (cache miss)
912 silly packumentCache full:https://registry.npmjs.org/thenify-all set size:undefined disposed:false
913 http fetch GET 200 https://registry.npmjs.org/fdir 114ms (cache miss)
914 silly packumentCache full:https://registry.npmjs.org/fdir set size:undefined disposed:false
915 silly placeDep ROOT any-promise@1.3.0 OK for: mz@2.7.0 want: ^1.0.0
916 silly placeDep ROOT thenify-all@1.6.0 OK for: mz@2.7.0 want: ^1.0.0
917 silly fetch manifest thenify@>= 3.1.0 < 4
918 silly packumentCache full:https://registry.npmjs.org/thenify cache-miss
919 http fetch GET 200 https://registry.npmjs.org/thenify 122ms (cache miss)
920 silly packumentCache full:https://registry.npmjs.org/thenify set size:undefined disposed:false
921 silly placeDep ROOT thenify@3.3.1 OK for: thenify-all@1.6.0 want: >= 3.1.0 < 4
922 silly placeDep node_modules/tinyglobby fdir@6.5.0 OK for: tinyglobby@0.2.17 want: ^6.5.0
923 silly placeDep node_modules/tinyglobby picomatch@4.0.4 OK for: fdir@6.5.0 want: ^3 || ^4
924 silly placeDep ROOT is-number@7.0.0 OK for: to-regex-range@5.0.1 want: ^7.0.0
925 silly placeDep ROOT escalade@3.2.0 OK for: update-browserslist-db@1.2.3 want: ^3.2.0
926 silly placeDep ROOT @types/d3-array@3.2.2 OK for: victory-vendor@36.9.2 want: ^3.0.3
927 silly placeDep ROOT @types/d3-ease@3.0.2 OK for: victory-vendor@36.9.2 want: ^3.0.0
928 silly placeDep ROOT @types/d3-interpolate@3.0.4 OK for: victory-vendor@36.9.2 want: ^3.0.1
929 silly placeDep ROOT @types/d3-scale@4.0.9 OK for: victory-vendor@36.9.2 want: ^4.0.2
930 silly placeDep ROOT @types/d3-shape@3.1.8 OK for: victory-vendor@36.9.2 want: ^3.1.0
931 silly placeDep ROOT @types/d3-time@3.0.4 OK for: victory-vendor@36.9.2 want: ^3.0.0
932 silly placeDep ROOT @types/d3-timer@3.0.2 OK for: victory-vendor@36.9.2 want: ^3.0.0
933 silly placeDep ROOT d3-array@3.2.4 OK for: victory-vendor@36.9.2 want: ^3.1.6
934 silly placeDep ROOT d3-ease@3.0.1 OK for: victory-vendor@36.9.2 want: ^3.0.1
935 silly placeDep ROOT d3-interpolate@3.0.1 OK for: victory-vendor@36.9.2 want: ^3.0.1
936 silly placeDep ROOT d3-scale@4.0.2 OK for: victory-vendor@36.9.2 want: ^4.0.2
937 silly placeDep ROOT d3-shape@3.2.0 OK for: victory-vendor@36.9.2 want: ^3.1.0
938 silly placeDep ROOT d3-time@3.1.0 OK for: victory-vendor@36.9.2 want: ^3.0.0
939 silly placeDep ROOT d3-timer@3.0.1 OK for: victory-vendor@36.9.2 want: ^3.0.1
940 silly fetch manifest @types/d3-color@*
941 silly packumentCache full:https://registry.npmjs.org/@types%2fd3-color cache-miss
942 silly fetch manifest @types/d3-time@*
943 silly packumentCache full:https://registry.npmjs.org/@types%2fd3-time cache-miss
944 silly fetch manifest @types/d3-path@*
945 silly packumentCache full:https://registry.npmjs.org/@types%2fd3-path cache-miss
946 silly fetch manifest internmap@1 - 2
947 silly packumentCache full:https://registry.npmjs.org/internmap cache-miss
948 silly fetch manifest d3-color@1 - 3
949 silly packumentCache full:https://registry.npmjs.org/d3-color cache-miss
950 silly fetch manifest d3-format@1 - 3
951 silly packumentCache full:https://registry.npmjs.org/d3-format cache-miss
952 silly fetch manifest d3-time@2.1.1 - 3
953 silly packumentCache full:https://registry.npmjs.org/d3-time cache-miss
954 http cache https://registry.npmjs.org/@types%2fd3-time 14ms (cache hit)
955 silly packumentCache full:https://registry.npmjs.org/@types%2fd3-time set size:52652 disposed:false
956 silly fetch manifest d3-time-format@2 - 4
957 silly packumentCache full:https://registry.npmjs.org/d3-time-format cache-miss
958 http cache https://registry.npmjs.org/d3-time 15ms (cache hit)
959 silly packumentCache full:https://registry.npmjs.org/d3-time set size:150406 disposed:false
960 silly fetch manifest d3-path@^3.1.0
961 silly packumentCache full:https://registry.npmjs.org/d3-path cache-miss
962 http fetch GET 200 https://registry.npmjs.org/internmap 75ms (cache miss)
963 silly packumentCache full:https://registry.npmjs.org/internmap set size:undefined disposed:false
964 http fetch GET 200 https://registry.npmjs.org/d3-color 86ms (cache miss)
965 silly packumentCache full:https://registry.npmjs.org/d3-color set size:undefined disposed:false
966 http fetch GET 200 https://registry.npmjs.org/d3-format 121ms (cache miss)
967 silly packumentCache full:https://registry.npmjs.org/d3-format set size:undefined disposed:false
968 http fetch GET 200 https://registry.npmjs.org/d3-time-format 113ms (cache miss)
969 silly packumentCache full:https://registry.npmjs.org/d3-time-format set size:undefined disposed:false
970 http fetch GET 200 https://registry.npmjs.org/@types%2fd3-path 352ms (cache miss)
971 silly packumentCache full:https://registry.npmjs.org/@types%2fd3-path set size:undefined disposed:false
972 http fetch GET 200 https://registry.npmjs.org/d3-path 335ms (cache miss)
973 silly packumentCache full:https://registry.npmjs.org/d3-path set size:undefined disposed:false
974 http fetch GET 200 https://registry.npmjs.org/@types%2fd3-color 358ms (cache miss)
975 silly packumentCache full:https://registry.npmjs.org/@types%2fd3-color set size:undefined disposed:false
976 silly placeDep ROOT @types/d3-color@3.1.3 OK for: @types/d3-interpolate@3.0.4 want: *
977 silly placeDep ROOT @types/d3-path@3.1.1 OK for: @types/d3-shape@3.1.8 want: *
978 silly placeDep ROOT internmap@2.0.3 OK for: d3-array@3.2.4 want: 1 - 2
979 silly placeDep ROOT d3-color@3.1.0 OK for: d3-interpolate@3.0.1 want: 1 - 3
980 silly placeDep ROOT d3-format@3.1.2 OK for: d3-scale@4.0.2 want: 1 - 3
981 silly placeDep ROOT d3-time-format@4.1.0 OK for: d3-scale@4.0.2 want: 2 - 4
982 silly placeDep ROOT d3-path@3.1.0 OK for: d3-shape@3.2.0 want: ^3.1.0
983 silly placeDep ROOT esbuild@0.21.5 OK for: vite@5.4.21 want: ^0.21.3
984 silly placeDep ROOT rollup@4.62.2 OK for: vite@5.4.21 want: ^4.20.0
985 silly fetch manifest @esbuild/aix-ppc64@0.21.5
986 silly packumentCache full:https://registry.npmjs.org/@esbuild%2faix-ppc64 cache-miss
987 silly fetch manifest @esbuild/linux-arm@0.21.5
988 silly packumentCache full:https://registry.npmjs.org/@esbuild%2flinux-arm cache-miss
989 silly fetch manifest @esbuild/linux-x64@0.21.5
990 silly packumentCache full:https://registry.npmjs.org/@esbuild%2flinux-x64 cache-miss
991 silly fetch manifest @esbuild/sunos-x64@0.21.5
992 silly packumentCache full:https://registry.npmjs.org/@esbuild%2fsunos-x64 cache-miss
993 silly fetch manifest @esbuild/win32-x64@0.21.5
994 silly packumentCache full:https://registry.npmjs.org/@esbuild%2fwin32-x64 cache-miss
995 silly fetch manifest @esbuild/darwin-x64@0.21.5
996 silly packumentCache full:https://registry.npmjs.org/@esbuild%2fdarwin-x64 cache-miss
997 silly fetch manifest @esbuild/linux-ia32@0.21.5
998 silly packumentCache full:https://registry.npmjs.org/@esbuild%2flinux-ia32 cache-miss
999 http fetch GET 200 https://registry.npmjs.org/@esbuild%2faix-ppc64 118ms (cache miss)
1000 silly packumentCache full:https://registry.npmjs.org/@esbuild%2faix-ppc64 set size:undefined disposed:false
1001 silly fetch manifest @esbuild/netbsd-x64@0.21.5
1002 silly packumentCache full:https://registry.npmjs.org/@esbuild%2fnetbsd-x64 cache-miss
1003 http fetch GET 200 https://registry.npmjs.org/@esbuild%2fsunos-x64 199ms (cache miss)
1004 silly packumentCache full:https://registry.npmjs.org/@esbuild%2fsunos-x64 set size:undefined disposed:false
1005 silly fetch manifest @esbuild/win32-ia32@0.21.5
1006 silly packumentCache full:https://registry.npmjs.org/@esbuild%2fwin32-ia32 cache-miss
1007 http fetch GET 200 https://registry.npmjs.org/@esbuild%2fdarwin-x64 249ms (cache miss)
1008 silly packumentCache full:https://registry.npmjs.org/@esbuild%2fdarwin-x64 set size:undefined disposed:false
1009 silly fetch manifest @esbuild/android-arm@0.21.5
1010 silly packumentCache full:https://registry.npmjs.org/@esbuild%2fandroid-arm cache-miss
1011 http fetch GET 200 https://registry.npmjs.org/@esbuild%2flinux-arm 255ms (cache miss)
1012 silly packumentCache full:https://registry.npmjs.org/@esbuild%2flinux-arm set size:undefined disposed:false
1013 silly fetch manifest @esbuild/android-x64@0.21.5
1014 silly packumentCache full:https://registry.npmjs.org/@esbuild%2fandroid-x64 cache-miss
1015 http fetch GET 200 https://registry.npmjs.org/@esbuild%2fnetbsd-x64 146ms (cache miss)
1016 silly packumentCache full:https://registry.npmjs.org/@esbuild%2fnetbsd-x64 set size:undefined disposed:false
1017 silly fetch manifest @esbuild/freebsd-x64@0.21.5
1018 silly packumentCache full:https://registry.npmjs.org/@esbuild%2ffreebsd-x64 cache-miss
1019 http fetch GET 200 https://registry.npmjs.org/@esbuild%2flinux-x64 352ms (cache miss)
1020 silly packumentCache full:https://registry.npmjs.org/@esbuild%2flinux-x64 set size:undefined disposed:false
1021 silly fetch manifest @esbuild/linux-arm64@0.21.5
1022 silly packumentCache full:https://registry.npmjs.org/@esbuild%2flinux-arm64 cache-miss
1023 http fetch GET 200 https://registry.npmjs.org/@esbuild%2fwin32-x64 362ms (cache miss)
1024 silly packumentCache full:https://registry.npmjs.org/@esbuild%2fwin32-x64 set size:undefined disposed:false
1025 silly fetch manifest @esbuild/linux-ppc64@0.21.5
1026 silly packumentCache full:https://registry.npmjs.org/@esbuild%2flinux-ppc64 cache-miss
1027 http fetch GET 200 https://registry.npmjs.org/@esbuild%2fwin32-ia32 202ms (cache miss)
1028 silly packumentCache full:https://registry.npmjs.org/@esbuild%2fwin32-ia32 set size:undefined disposed:false
1029 silly fetch manifest @esbuild/linux-s390x@0.21.5
1030 silly packumentCache full:https://registry.npmjs.org/@esbuild%2flinux-s390x cache-miss
1031 http fetch GET 200 https://registry.npmjs.org/@esbuild%2flinux-arm64 218ms (cache miss)
1032 silly packumentCache full:https://registry.npmjs.org/@esbuild%2flinux-arm64 set size:undefined disposed:false
1033 silly fetch manifest @esbuild/openbsd-x64@0.21.5
1034 silly packumentCache full:https://registry.npmjs.org/@esbuild%2fopenbsd-x64 cache-miss
1035 http fetch GET 200 https://registry.npmjs.org/@esbuild%2flinux-ppc64 240ms (cache miss)
1036 silly packumentCache full:https://registry.npmjs.org/@esbuild%2flinux-ppc64 set size:undefined disposed:false
1037 silly fetch manifest @esbuild/win32-arm64@0.21.5
1038 silly packumentCache full:https://registry.npmjs.org/@esbuild%2fwin32-arm64 cache-miss
1039 http fetch GET 200 https://registry.npmjs.org/@esbuild%2flinux-s390x 210ms (cache miss)
1040 silly packumentCache full:https://registry.npmjs.org/@esbuild%2flinux-s390x set size:undefined disposed:false
1041 silly fetch manifest @esbuild/darwin-arm64@0.21.5
1042 silly packumentCache full:https://registry.npmjs.org/@esbuild%2fdarwin-arm64 cache-miss
1043 http fetch GET 200 https://registry.npmjs.org/@esbuild%2flinux-ia32 694ms (cache miss)
1044 silly packumentCache full:https://registry.npmjs.org/@esbuild%2flinux-ia32 set size:undefined disposed:false
1045 silly fetch manifest @esbuild/android-arm64@0.21.5
1046 silly packumentCache full:https://registry.npmjs.org/@esbuild%2fandroid-arm64 cache-miss
1047 http fetch GET 200 https://registry.npmjs.org/@esbuild%2fopenbsd-x64 212ms (cache miss)
1048 silly packumentCache full:https://registry.npmjs.org/@esbuild%2fopenbsd-x64 set size:undefined disposed:false
1049 silly fetch manifest @esbuild/freebsd-arm64@0.21.5
1050 silly packumentCache full:https://registry.npmjs.org/@esbuild%2ffreebsd-arm64 cache-miss
1051 http fetch GET 200 https://registry.npmjs.org/@esbuild%2fdarwin-arm64 179ms (cache miss)
1052 silly packumentCache full:https://registry.npmjs.org/@esbuild%2fdarwin-arm64 set size:undefined disposed:false
1053 silly fetch manifest @esbuild/linux-loong64@0.21.5
1054 silly packumentCache full:https://registry.npmjs.org/@esbuild%2flinux-loong64 cache-miss
1055 http fetch GET 200 https://registry.npmjs.org/@esbuild%2fwin32-arm64 218ms (cache miss)
1056 silly packumentCache full:https://registry.npmjs.org/@esbuild%2fwin32-arm64 set size:undefined disposed:false
1057 silly fetch manifest @esbuild/linux-riscv64@0.21.5
1058 silly packumentCache full:https://registry.npmjs.org/@esbuild%2flinux-riscv64 cache-miss
1059 http fetch GET 200 https://registry.npmjs.org/@esbuild%2fandroid-x64 704ms (cache miss)
1060 silly packumentCache full:https://registry.npmjs.org/@esbuild%2fandroid-x64 set size:undefined disposed:false
1061 silly fetch manifest @esbuild/linux-mips64el@0.21.5
1062 silly packumentCache full:https://registry.npmjs.org/@esbuild%2flinux-mips64el cache-miss
1063 http fetch GET 200 https://registry.npmjs.org/@esbuild%2flinux-loong64 174ms (cache miss)
1064 silly packumentCache full:https://registry.npmjs.org/@esbuild%2flinux-loong64 set size:undefined disposed:false
1065 silly fetch manifest @types/estree@1.0.9
1066 silly packumentCache full:https://registry.npmjs.org/@types%2festree cache-miss
1067 http fetch GET 200 https://registry.npmjs.org/@esbuild%2ffreebsd-arm64 198ms (cache miss)
1068 silly packumentCache full:https://registry.npmjs.org/@esbuild%2ffreebsd-arm64 set size:undefined disposed:false
1069 silly fetch manifest @rollup/rollup-darwin-arm64@4.62.2
1070 silly packumentCache full:https://registry.npmjs.org/@rollup%2frollup-darwin-arm64 cache-miss
1071 http fetch GET 200 https://registry.npmjs.org/@esbuild%2flinux-riscv64 206ms (cache miss)
1072 silly packumentCache full:https://registry.npmjs.org/@esbuild%2flinux-riscv64 set size:undefined disposed:false
1073 silly fetch manifest @rollup/rollup-android-arm64@4.62.2
1074 silly packumentCache full:https://registry.npmjs.org/@rollup%2frollup-android-arm64 cache-miss
1075 http fetch GET 200 https://registry.npmjs.org/@esbuild%2fandroid-arm64 386ms (cache miss)
1076 silly packumentCache full:https://registry.npmjs.org/@esbuild%2fandroid-arm64 set size:undefined disposed:false
1077 silly fetch manifest @rollup/rollup-win32-arm64-msvc@4.62.2
1078 silly packumentCache full:https://registry.npmjs.org/@rollup%2frollup-win32-arm64-msvc cache-miss
1079 http fetch GET 200 https://registry.npmjs.org/@types%2festree 208ms (cache miss)
1080 silly packumentCache full:https://registry.npmjs.org/@types%2festree set size:undefined disposed:false
1081 silly fetch manifest @rollup/rollup-freebsd-arm64@4.62.2
1082 silly packumentCache full:https://registry.npmjs.org/@rollup%2frollup-freebsd-arm64 cache-miss
1083 http fetch GET 200 https://registry.npmjs.org/@rollup%2frollup-darwin-arm64 200ms (cache miss)
1084 silly packumentCache full:https://registry.npmjs.org/@rollup%2frollup-darwin-arm64 set size:undefined disposed:false
1085 silly fetch manifest @rollup/rollup-linux-arm64-gnu@4.62.2
1086 silly packumentCache full:https://registry.npmjs.org/@rollup%2frollup-linux-arm64-gnu cache-miss
1087 http fetch GET 200 https://registry.npmjs.org/@rollup%2frollup-android-arm64 195ms (cache miss)
1088 silly packumentCache full:https://registry.npmjs.org/@rollup%2frollup-android-arm64 set size:undefined disposed:false
1089 silly fetch manifest @rollup/rollup-linux-arm64-musl@4.62.2
1090 silly packumentCache full:https://registry.npmjs.org/@rollup%2frollup-linux-arm64-musl cache-miss
1091 http fetch GET 200 https://registry.npmjs.org/@esbuild%2flinux-mips64el 316ms (cache miss)
1092 silly packumentCache full:https://registry.npmjs.org/@esbuild%2flinux-mips64el set size:undefined disposed:false
1093 silly fetch manifest @rollup/rollup-android-arm-eabi@4.62.2
1094 silly packumentCache full:https://registry.npmjs.org/@rollup%2frollup-android-arm-eabi cache-miss
1095 http fetch GET 200 https://registry.npmjs.org/@rollup%2frollup-linux-arm64-gnu 171ms (cache miss)
1096 silly packumentCache full:https://registry.npmjs.org/@rollup%2frollup-linux-arm64-gnu set size:undefined disposed:false
1097 silly fetch manifest @rollup/rollup-linux-arm-gnueabihf@4.62.2
1098 silly packumentCache full:https://registry.npmjs.org/@rollup%2frollup-linux-arm-gnueabihf cache-miss
1099 http fetch GET 200 https://registry.npmjs.org/@rollup%2frollup-freebsd-arm64 184ms (cache miss)
1100 silly packumentCache full:https://registry.npmjs.org/@rollup%2frollup-freebsd-arm64 set size:undefined disposed:false
1101 silly fetch manifest @rollup/rollup-linux-arm-musleabihf@4.62.2
1102 silly packumentCache full:https://registry.npmjs.org/@rollup%2frollup-linux-arm-musleabihf cache-miss
1103 http fetch GET 200 https://registry.npmjs.org/@rollup%2frollup-win32-arm64-msvc 297ms (cache miss)
1104 silly packumentCache full:https://registry.npmjs.org/@rollup%2frollup-win32-arm64-msvc set size:undefined disposed:false
1105 silly fetch manifest @rollup/rollup-win32-ia32-msvc@4.62.2
1106 silly packumentCache full:https://registry.npmjs.org/@rollup%2frollup-win32-ia32-msvc cache-miss
1107 http fetch GET 200 https://registry.npmjs.org/@rollup%2frollup-linux-arm64-musl 177ms (cache miss)
1108 silly packumentCache full:https://registry.npmjs.org/@rollup%2frollup-linux-arm64-musl set size:undefined disposed:false
1109 silly fetch manifest @rollup/rollup-linux-loong64-gnu@4.62.2
1110 silly packumentCache full:https://registry.npmjs.org/@rollup%2frollup-linux-loong64-gnu cache-miss
1111 http fetch GET 200 https://registry.npmjs.org/@esbuild%2fandroid-arm 1254ms (cache miss)
1112 silly packumentCache full:https://registry.npmjs.org/@esbuild%2fandroid-arm set size:undefined disposed:false
1113 silly fetch manifest @rollup/rollup-linux-loong64-musl@4.62.2
1114 silly packumentCache full:https://registry.npmjs.org/@rollup%2frollup-linux-loong64-musl cache-miss
1115 http fetch GET 200 https://registry.npmjs.org/@rollup%2frollup-linux-arm-musleabihf 166ms (cache miss)
1116 silly packumentCache full:https://registry.npmjs.org/@rollup%2frollup-linux-arm-musleabihf set size:undefined disposed:false
1117 silly fetch manifest @rollup/rollup-linux-riscv64-gnu@4.62.2
1118 silly packumentCache full:https://registry.npmjs.org/@rollup%2frollup-linux-riscv64-gnu cache-miss
1119 http fetch GET 200 https://registry.npmjs.org/@rollup%2frollup-android-arm-eabi 274ms (cache miss)
1120 silly packumentCache full:https://registry.npmjs.org/@rollup%2frollup-android-arm-eabi set size:undefined disposed:false
1121 silly fetch manifest @rollup/rollup-linux-riscv64-musl@4.62.2
1122 silly packumentCache full:https://registry.npmjs.org/@rollup%2frollup-linux-riscv64-musl cache-miss
1123 http fetch GET 200 https://registry.npmjs.org/@rollup%2frollup-linux-loong64-gnu 128ms (cache miss)
1124 silly packumentCache full:https://registry.npmjs.org/@rollup%2frollup-linux-loong64-gnu set size:undefined disposed:false
1125 silly fetch manifest @rollup/rollup-linux-ppc64-gnu@4.62.2
1126 silly packumentCache full:https://registry.npmjs.org/@rollup%2frollup-linux-ppc64-gnu cache-miss
1127 http fetch GET 200 https://registry.npmjs.org/@rollup%2frollup-linux-arm-gnueabihf 199ms (cache miss)
1128 silly packumentCache full:https://registry.npmjs.org/@rollup%2frollup-linux-arm-gnueabihf set size:undefined disposed:false
1129 silly fetch manifest @rollup/rollup-linux-ppc64-musl@4.62.2
1130 silly packumentCache full:https://registry.npmjs.org/@rollup%2frollup-linux-ppc64-musl cache-miss
1131 http fetch GET 200 https://registry.npmjs.org/@esbuild%2ffreebsd-x64 1321ms (cache miss)
1132 silly packumentCache full:https://registry.npmjs.org/@esbuild%2ffreebsd-x64 set size:undefined disposed:false
1133 silly fetch manifest @rollup/rollup-linux-s390x-gnu@4.62.2
1134 silly packumentCache full:https://registry.npmjs.org/@rollup%2frollup-linux-s390x-gnu cache-miss
1135 http fetch GET 200 https://registry.npmjs.org/@rollup%2frollup-win32-ia32-msvc 251ms (cache miss)
1136 silly packumentCache full:https://registry.npmjs.org/@rollup%2frollup-win32-ia32-msvc set size:undefined disposed:false
1137 silly fetch manifest @rollup/rollup-darwin-x64@4.62.2
1138 silly packumentCache full:https://registry.npmjs.org/@rollup%2frollup-darwin-x64 cache-miss
1139 http fetch GET 200 https://registry.npmjs.org/@rollup%2frollup-linux-loong64-musl 200ms (cache miss)
1140 silly packumentCache full:https://registry.npmjs.org/@rollup%2frollup-linux-loong64-musl set size:undefined disposed:false
1141 silly fetch manifest @rollup/rollup-win32-x64-gnu@4.62.2
1142 silly packumentCache full:https://registry.npmjs.org/@rollup%2frollup-win32-x64-gnu cache-miss
1143 http fetch GET 200 https://registry.npmjs.org/@rollup%2frollup-linux-ppc64-musl 170ms (cache miss)
1144 silly packumentCache full:https://registry.npmjs.org/@rollup%2frollup-linux-ppc64-musl set size:undefined disposed:false
1145 silly fetch manifest @rollup/rollup-win32-x64-msvc@4.62.2
1146 silly packumentCache full:https://registry.npmjs.org/@rollup%2frollup-win32-x64-msvc cache-miss
1147 http fetch GET 200 https://registry.npmjs.org/@rollup%2frollup-linux-riscv64-gnu 203ms (cache miss)
1148 silly packumentCache full:https://registry.npmjs.org/@rollup%2frollup-linux-riscv64-gnu set size:undefined disposed:false
1149 silly fetch manifest @rollup/rollup-freebsd-x64@4.62.2
1150 silly packumentCache full:https://registry.npmjs.org/@rollup%2frollup-freebsd-x64 cache-miss
1151 http fetch GET 200 https://registry.npmjs.org/@rollup%2frollup-linux-ppc64-gnu 191ms (cache miss)
1152 silly packumentCache full:https://registry.npmjs.org/@rollup%2frollup-linux-ppc64-gnu set size:undefined disposed:false
1153 silly fetch manifest @rollup/rollup-linux-x64-gnu@4.62.2
1154 silly packumentCache full:https://registry.npmjs.org/@rollup%2frollup-linux-x64-gnu cache-miss
1155 http fetch GET 200 https://registry.npmjs.org/@rollup%2frollup-linux-riscv64-musl 202ms (cache miss)
1156 silly packumentCache full:https://registry.npmjs.org/@rollup%2frollup-linux-riscv64-musl set size:undefined disposed:false
1157 silly fetch manifest @rollup/rollup-linux-x64-musl@4.62.2
1158 silly packumentCache full:https://registry.npmjs.org/@rollup%2frollup-linux-x64-musl cache-miss
1159 http fetch GET 200 https://registry.npmjs.org/@rollup%2frollup-darwin-x64 262ms (cache miss)
1160 silly packumentCache full:https://registry.npmjs.org/@rollup%2frollup-darwin-x64 set size:undefined disposed:false
1161 silly fetch manifest @rollup/rollup-openbsd-x64@4.62.2
1162 silly packumentCache full:https://registry.npmjs.org/@rollup%2frollup-openbsd-x64 cache-miss
1163 http fetch GET 200 https://registry.npmjs.org/@rollup%2frollup-freebsd-x64 168ms (cache miss)
1164 silly packumentCache full:https://registry.npmjs.org/@rollup%2frollup-freebsd-x64 set size:undefined disposed:false
1165 silly fetch manifest @rollup/rollup-openharmony-arm64@4.62.2
1166 silly packumentCache full:https://registry.npmjs.org/@rollup%2frollup-openharmony-arm64 cache-miss
1167 http fetch GET 200 https://registry.npmjs.org/@rollup%2frollup-win32-x64-gnu 224ms (cache miss)
1168 silly packumentCache full:https://registry.npmjs.org/@rollup%2frollup-win32-x64-gnu set size:undefined disposed:false
1169 http fetch GET 200 https://registry.npmjs.org/@rollup%2frollup-win32-x64-msvc 182ms (cache miss)
1170 silly packumentCache full:https://registry.npmjs.org/@rollup%2frollup-win32-x64-msvc set size:undefined disposed:false
1171 http fetch GET 200 https://registry.npmjs.org/@rollup%2frollup-linux-x64-gnu 190ms (cache miss)
1172 silly packumentCache full:https://registry.npmjs.org/@rollup%2frollup-linux-x64-gnu set size:undefined disposed:false
1173 http fetch GET 200 https://registry.npmjs.org/@rollup%2frollup-linux-x64-musl 254ms (cache miss)
1174 silly packumentCache full:https://registry.npmjs.org/@rollup%2frollup-linux-x64-musl set size:undefined disposed:false
1175 http fetch GET 200 https://registry.npmjs.org/@rollup%2frollup-openbsd-x64 118ms (cache miss)
1176 silly packumentCache full:https://registry.npmjs.org/@rollup%2frollup-openbsd-x64 set size:undefined disposed:false
1177 http fetch GET 200 https://registry.npmjs.org/@rollup%2frollup-openharmony-arm64 122ms (cache miss)
1178 silly packumentCache full:https://registry.npmjs.org/@rollup%2frollup-openharmony-arm64 set size:undefined disposed:false
1179 http fetch GET 200 https://registry.npmjs.org/@rollup%2frollup-linux-s390x-gnu 590ms (cache miss)
1180 silly packumentCache full:https://registry.npmjs.org/@rollup%2frollup-linux-s390x-gnu set size:undefined disposed:false
1181 silly placeDep ROOT @esbuild/aix-ppc64@0.21.5 OK for: esbuild@0.21.5 want: 0.21.5
1182 silly placeDep ROOT @esbuild/android-arm@0.21.5 OK for: esbuild@0.21.5 want: 0.21.5
1183 silly placeDep ROOT @esbuild/android-arm64@0.21.5 OK for: esbuild@0.21.5 want: 0.21.5
1184 silly placeDep ROOT @esbuild/android-x64@0.21.5 OK for: esbuild@0.21.5 want: 0.21.5
1185 silly placeDep ROOT @esbuild/darwin-arm64@0.21.5 OK for: esbuild@0.21.5 want: 0.21.5
1186 silly placeDep ROOT @esbuild/darwin-x64@0.21.5 OK for: esbuild@0.21.5 want: 0.21.5
1187 silly placeDep ROOT @esbuild/freebsd-arm64@0.21.5 OK for: esbuild@0.21.5 want: 0.21.5
1188 silly placeDep ROOT @esbuild/freebsd-x64@0.21.5 OK for: esbuild@0.21.5 want: 0.21.5
1189 silly placeDep ROOT @esbuild/linux-arm@0.21.5 OK for: esbuild@0.21.5 want: 0.21.5
1190 silly placeDep ROOT @esbuild/linux-arm64@0.21.5 OK for: esbuild@0.21.5 want: 0.21.5
1191 silly placeDep ROOT @esbuild/linux-ia32@0.21.5 OK for: esbuild@0.21.5 want: 0.21.5
1192 silly placeDep ROOT @esbuild/linux-loong64@0.21.5 OK for: esbuild@0.21.5 want: 0.21.5
1193 silly placeDep ROOT @esbuild/linux-mips64el@0.21.5 OK for: esbuild@0.21.5 want: 0.21.5
1194 silly placeDep ROOT @esbuild/linux-ppc64@0.21.5 OK for: esbuild@0.21.5 want: 0.21.5
1195 silly placeDep ROOT @esbuild/linux-riscv64@0.21.5 OK for: esbuild@0.21.5 want: 0.21.5
1196 silly placeDep ROOT @esbuild/linux-s390x@0.21.5 OK for: esbuild@0.21.5 want: 0.21.5
1197 silly placeDep ROOT @esbuild/linux-x64@0.21.5 OK for: esbuild@0.21.5 want: 0.21.5
1198 silly placeDep ROOT @esbuild/netbsd-x64@0.21.5 OK for: esbuild@0.21.5 want: 0.21.5
1199 silly placeDep ROOT @esbuild/openbsd-x64@0.21.5 OK for: esbuild@0.21.5 want: 0.21.5
1200 silly placeDep ROOT @esbuild/sunos-x64@0.21.5 OK for: esbuild@0.21.5 want: 0.21.5
1201 silly placeDep ROOT @esbuild/win32-arm64@0.21.5 OK for: esbuild@0.21.5 want: 0.21.5
1202 silly placeDep ROOT @esbuild/win32-ia32@0.21.5 OK for: esbuild@0.21.5 want: 0.21.5
1203 silly placeDep ROOT @esbuild/win32-x64@0.21.5 OK for: esbuild@0.21.5 want: 0.21.5
1204 silly placeDep ROOT @rollup/rollup-android-arm-eabi@4.62.2 OK for: rollup@4.62.2 want: 4.62.2
1205 silly placeDep ROOT @rollup/rollup-android-arm64@4.62.2 OK for: rollup@4.62.2 want: 4.62.2
1206 silly placeDep ROOT @rollup/rollup-darwin-arm64@4.62.2 OK for: rollup@4.62.2 want: 4.62.2
1207 silly placeDep ROOT @rollup/rollup-darwin-x64@4.62.2 OK for: rollup@4.62.2 want: 4.62.2
1208 silly placeDep ROOT @rollup/rollup-freebsd-arm64@4.62.2 OK for: rollup@4.62.2 want: 4.62.2
1209 silly placeDep ROOT @rollup/rollup-freebsd-x64@4.62.2 OK for: rollup@4.62.2 want: 4.62.2
1210 silly placeDep ROOT @rollup/rollup-linux-arm-gnueabihf@4.62.2 OK for: rollup@4.62.2 want: 4.62.2
1211 silly placeDep ROOT @rollup/rollup-linux-arm-musleabihf@4.62.2 OK for: rollup@4.62.2 want: 4.62.2
1212 silly placeDep ROOT @rollup/rollup-linux-arm64-gnu@4.62.2 OK for: rollup@4.62.2 want: 4.62.2
1213 silly placeDep ROOT @rollup/rollup-linux-arm64-musl@4.62.2 OK for: rollup@4.62.2 want: 4.62.2
1214 silly placeDep ROOT @rollup/rollup-linux-loong64-gnu@4.62.2 OK for: rollup@4.62.2 want: 4.62.2
1215 silly placeDep ROOT @rollup/rollup-linux-loong64-musl@4.62.2 OK for: rollup@4.62.2 want: 4.62.2
1216 silly placeDep ROOT @rollup/rollup-linux-ppc64-gnu@4.62.2 OK for: rollup@4.62.2 want: 4.62.2
1217 silly placeDep ROOT @rollup/rollup-linux-ppc64-musl@4.62.2 OK for: rollup@4.62.2 want: 4.62.2
1218 silly placeDep ROOT @rollup/rollup-linux-riscv64-gnu@4.62.2 OK for: rollup@4.62.2 want: 4.62.2
1219 silly placeDep ROOT @rollup/rollup-linux-riscv64-musl@4.62.2 OK for: rollup@4.62.2 want: 4.62.2
1220 silly placeDep ROOT @rollup/rollup-linux-s390x-gnu@4.62.2 OK for: rollup@4.62.2 want: 4.62.2
1221 silly placeDep ROOT @rollup/rollup-linux-x64-gnu@4.62.2 OK for: rollup@4.62.2 want: 4.62.2
1222 silly placeDep ROOT @rollup/rollup-linux-x64-musl@4.62.2 OK for: rollup@4.62.2 want: 4.62.2
1223 silly placeDep ROOT @rollup/rollup-openbsd-x64@4.62.2 OK for: rollup@4.62.2 want: 4.62.2
1224 silly placeDep ROOT @rollup/rollup-openharmony-arm64@4.62.2 OK for: rollup@4.62.2 want: 4.62.2
1225 silly placeDep ROOT @rollup/rollup-win32-arm64-msvc@4.62.2 OK for: rollup@4.62.2 want: 4.62.2
1226 silly placeDep ROOT @rollup/rollup-win32-ia32-msvc@4.62.2 OK for: rollup@4.62.2 want: 4.62.2
1227 silly placeDep ROOT @rollup/rollup-win32-x64-gnu@4.62.2 OK for: rollup@4.62.2 want: 4.62.2
1228 silly placeDep ROOT @rollup/rollup-win32-x64-msvc@4.62.2 OK for: rollup@4.62.2 want: 4.62.2
1229 silly placeDep ROOT @types/estree@1.0.9 OK for: rollup@4.62.2 want: 1.0.9
1230 silly reify moves {}
1231 silly audit bulk request {
1231 silly audit   '@vitejs/plugin-react': [ '4.7.0' ],
1231 silly audit   vite: [ '5.4.21' ],
1231 silly audit   autoprefixer: [ '10.5.2' ],
1231 silly audit   postcss: [ '8.5.16' ],
1231 silly audit   react: [ '18.3.1' ],
1231 silly audit   'react-dom': [ '18.3.1' ],
1231 silly audit   recharts: [ '2.15.4' ],
1231 silly audit   tailwindcss: [ '3.4.19' ],
1231 silly audit   '@babel/core': [ '7.29.7' ],
1231 silly audit   '@babel/plugin-transform-react-jsx-self': [ '7.29.7' ],
1231 silly audit   '@babel/plugin-transform-react-jsx-source': [ '7.29.7' ],
1231 silly audit   '@rolldown/pluginutils': [ '1.0.0-beta.27' ],
1231 silly audit   '@types/babel__core': [ '7.20.5' ],
1231 silly audit   'react-refresh': [ '0.17.0' ],
1231 silly audit   '@babel/code-frame': [ '7.29.7' ],
1231 silly audit   '@babel/generator': [ '7.29.7' ],
1231 silly audit   '@babel/helper-compilation-targets': [ '7.29.7' ],
1231 silly audit   '@babel/helper-module-transforms': [ '7.29.7' ],
1231 silly audit   '@babel/helpers': [ '7.29.7' ],
1231 silly audit   '@babel/parser': [ '7.29.7' ],
1231 silly audit   '@babel/template': [ '7.29.7' ],
1231 silly audit   '@babel/traverse': [ '7.29.7' ],
1231 silly audit   '@babel/types': [ '7.29.7' ],
1231 silly audit   '@jridgewell/remapping': [ '2.3.5' ],
1231 silly audit   'convert-source-map': [ '2.0.0' ],
1231 silly audit   debug: [ '4.4.3' ],
1231 silly audit   gensync: [ '1.0.0-beta.2' ],
1231 silly audit   json5: [ '2.2.3' ],
1231 silly audit   semver: [ '6.3.1' ],
1231 silly audit   '@babel/helper-validator-identifier': [ '7.29.7' ],
1231 silly audit   'js-tokens': [ '4.0.0' ],
1231 silly audit   picocolors: [ '1.1.1' ],
1231 silly audit   '@jridgewell/gen-mapping': [ '0.3.13' ],
1231 silly audit   '@jridgewell/trace-mapping': [ '0.3.31' ],
1231 silly audit   jsesc: [ '3.1.0' ],
1231 silly audit   '@babel/compat-data': [ '7.29.7' ],
1231 silly audit   '@babel/helper-validator-option': [ '7.29.7' ],
1231 silly audit   browserslist: [ '4.28.4' ],
1231 silly audit   'lru-cache': [ '5.1.1' ],
1231 silly audit   '@babel/helper-module-imports': [ '7.29.7' ],
1231 silly audit   '@babel/helper-plugin-utils': [ '7.29.7' ],
1231 silly audit   '@babel/helper-globals': [ '7.29.7' ],
1231 silly audit   '@babel/helper-string-parser': [ '7.29.7' ],
1231 silly audit   '@jridgewell/sourcemap-codec': [ '1.5.5' ],
1231 silly audit   '@jridgewell/resolve-uri': [ '3.1.2' ],
1231 silly audit   '@types/babel__generator': [ '7.27.0' ],
1231 silly audit   '@types/babel__template': [ '7.4.4' ],
1231 silly audit   '@types/babel__traverse': [ '7.28.0' ],
1231 silly audit   'caniuse-lite': [ '1.0.30001800' ],
1231 silly audit   'fraction.js': [ '5.3.4' ],
1231 silly audit   'postcss-value-parser': [ '4.2.0' ],
1231 silly audit   'baseline-browser-mapping': [ '2.10.40' ],
1231 silly audit   'electron-to-chromium': [ '1.5.382' ],
1231 silly audit   'node-releases': [ '2.0.50' ],
1231 silly audit   'update-browserslist-db': [ '1.2.3' ],
1231 silly audit   ms: [ '2.1.3' ],
1231 silly audit   yallist: [ '3.1.1' ],
1231 silly audit   nanoid: [ '3.3.15' ],
1231 silly audit   'source-map-js': [ '1.2.1' ],
1231 silly audit   'loose-envify': [ '1.4.0' ],
1231 silly audit   scheduler: [ '0.23.2' ],
1231 silly audit   clsx: [ '2.1.1' ],
1231 silly audit   eventemitter3: [ '4.0.7' ],
1231 silly audit   lodash: [ '4.18.1' ],
1231 silly audit   'react-is': [ '18.3.1', '16.13.1' ],
1231 silly audit   'react-smooth': [ '4.0.4' ],
1231 silly audit   'recharts-scale': [ '0.4.5' ],
1231 silly audit   'tiny-invariant': [ '1.3.3' ],
1231 silly audit   'victory-vendor': [ '36.9.2' ],
1231 silly audit   'fast-equals': [ '5.4.0' ],
1231 silly audit   'prop-types': [ '15.8.1' ],
1231 silly audit   'react-transition-group': [ '4.4.5' ],
1231 silly audit   'object-assign': [ '4.1.1' ],
1231 silly audit   '@babel/runtime': [ '7.29.7' ],
1231 silly audit   'dom-helpers': [ '5.2.1' ],
1231 silly audit   csstype: [ '3.2.3' ],
1231 silly audit   'decimal.js-light': [ '2.5.1' ],
1231 silly audit   '@alloc/quick-lru': [ '5.2.0' ],
1231 silly audit   arg: [ '5.0.2' ],
1231 silly audit   chokidar: [ '3.6.0' ],
1231 silly audit   didyoumean: [ '1.2.2' ],
1231 silly audit   dlv: [ '1.1.3' ],
1231 silly audit   'fast-glob': [ '3.3.3' ],
1231 silly audit   'glob-parent': [ '6.0.2', '5.1.2' ],
1231 silly audit   'is-glob': [ '4.0.3' ],
1231 silly audit   jiti: [ '1.21.7' ],
1231 silly audit   lilconfig: [ '3.1.3' ],
1231 silly audit   micromatch: [ '4.0.8' ],
1231 silly audit   'normalize-path': [ '3.0.0' ],
1231 silly audit   'object-hash': [ '3.0.0' ],
1231 silly audit   'postcss-import': [ '15.1.0' ],
1231 silly audit   'postcss-js': [ '4.1.0' ],
1231 silly audit   'postcss-load-config': [ '6.0.1' ],
1231 silly audit   'postcss-nested': [ '6.2.0' ],
1231 silly audit   'postcss-selector-parser': [ '6.1.4' ],
1231 silly audit   resolve: [ '1.22.12' ],
1231 silly audit   sucrase: [ '3.35.1' ],
1231 silly audit   anymatch: [ '3.1.3' ],
1231 silly audit   braces: [ '3.0.3' ],
1231 silly audit   fsevents: [ '2.3.3' ],
1231 silly audit   'is-binary-path': [ '2.1.0' ],
1231 silly audit   readdirp: [ '3.6.0' ],
1231 silly audit   picomatch: [ '2.3.2', '4.0.4' ],
1231 silly audit   'fill-range': [ '7.1.1' ],
1231 silly audit   '@nodelib/fs.stat': [ '2.0.5' ],
1231 silly audit   '@nodelib/fs.walk': [ '1.2.8' ],
1231 silly audit   merge2: [ '1.4.1' ],
1231 silly audit   '@nodelib/fs.scandir': [ '2.1.5' ],
1231 silly audit   fastq: [ '1.20.1' ],
1231 silly audit   'run-parallel': [ '1.2.0' ],
1231 silly audit   reusify: [ '1.1.0' ],
1231 silly audit   'to-regex-range': [ '5.0.1' ],
1231 silly audit   'binary-extensions': [ '2.3.0' ],
1231 silly audit   'is-extglob': [ '2.1.1' ],
1231 silly audit   'read-cache': [ '1.0.0' ],
1231 silly audit   'camelcase-css': [ '2.0.1' ],
1231 silly audit   cssesc: [ '3.0.0' ],
1231 silly audit   'util-deprecate': [ '1.0.2' ],
1231 silly audit   pify: [ '2.3.0' ],
1231 silly audit   'es-errors': [ '1.3.0' ],
1231 silly audit   'is-core-module': [ '2.16.2' ],
1231 silly audit   'path-parse': [ '1.0.7' ],
1231 silly audit   'supports-preserve-symlinks-flag': [ '1.0.0' ],
1231 silly audit   hasown: [ '2.0.4' ],
1231 silly audit   'function-bind': [ '1.1.2' ],
1231 silly audit   'queue-microtask': [ '1.2.3' ],
1231 silly audit   commander: [ '4.1.1' ],
1231 silly audit   'lines-and-columns': [ '1.2.4' ],
1231 silly audit   mz: [ '2.7.0' ],
1231 silly audit   pirates: [ '4.0.7' ],
1231 silly audit   tinyglobby: [ '0.2.17' ],
1231 silly audit   'ts-interface-checker': [ '0.1.13' ],
1231 silly audit   'any-promise': [ '1.3.0' ],
1231 silly audit   'thenify-all': [ '1.6.0' ],
1231 silly audit   thenify: [ '3.3.1' ],
1231 silly audit   fdir: [ '6.5.0' ],
1231 silly audit   'is-number': [ '7.0.0' ],
1231 silly audit   escalade: [ '3.2.0' ],
1231 silly audit   '@types/d3-array': [ '3.2.2' ],
1231 silly audit   '@types/d3-ease': [ '3.0.2' ],
1231 silly audit   '@types/d3-interpolate': [ '3.0.4' ],
1231 silly audit   '@types/d3-scale': [ '4.0.9' ],
1231 silly audit   '@types/d3-shape': [ '3.1.8' ],
1231 silly audit   '@types/d3-time': [ '3.0.4' ],
1231 silly audit   '@types/d3-timer': [ '3.0.2' ],
1231 silly audit   'd3-array': [ '3.2.4' ],
1231 silly audit   'd3-ease': [ '3.0.1' ],
1231 silly audit   'd3-interpolate': [ '3.0.1' ],
1231 silly audit   'd3-scale': [ '4.0.2' ],
1231 silly audit   'd3-shape': [ '3.2.0' ],
1231 silly audit   'd3-time': [ '3.1.0' ],
1231 silly audit   'd3-timer': [ '3.0.1' ],
1231 silly audit   '@types/d3-color': [ '3.1.3' ],
1231 silly audit   '@types/d3-path': [ '3.1.1' ],
1231 silly audit   internmap: [ '2.0.3' ],
1231 silly audit   'd3-color': [ '3.1.0' ],
1231 silly audit   'd3-format': [ '3.1.2' ],
1231 silly audit   'd3-time-format': [ '4.1.0' ],
1231 silly audit   'd3-path': [ '3.1.0' ],
1231 silly audit   esbuild: [ '0.21.5' ],
1231 silly audit   rollup: [ '4.62.2' ],
1231 silly audit   '@esbuild/aix-ppc64': [ '0.21.5' ],
1231 silly audit   '@esbuild/android-arm': [ '0.21.5' ],
1231 silly audit   '@esbuild/android-arm64': [ '0.21.5' ],
1231 silly audit   '@esbuild/android-x64': [ '0.21.5' ],
1231 silly audit   '@esbuild/darwin-arm64': [ '0.21.5' ],
1231 silly audit   '@esbuild/darwin-x64': [ '0.21.5' ],
1231 silly audit   '@esbuild/freebsd-arm64': [ '0.21.5' ],
1231 silly audit   '@esbuild/freebsd-x64': [ '0.21.5' ],
1231 silly audit   '@esbuild/linux-arm': [ '0.21.5' ],
1231 silly audit   '@esbuild/linux-arm64': [ '0.21.5' ],
1231 silly audit   '@esbuild/linux-ia32': [ '0.21.5' ],
1231 silly audit   '@esbuild/linux-loong64': [ '0.21.5' ],
1231 silly audit   '@esbuild/linux-mips64el': [ '0.21.5' ],
1231 silly audit   '@esbuild/linux-ppc64': [ '0.21.5' ],
1231 silly audit   '@esbuild/linux-riscv64': [ '0.21.5' ],
1231 silly audit   '@esbuild/linux-s390x': [ '0.21.5' ],
1231 silly audit   '@esbuild/linux-x64': [ '0.21.5' ],
1231 silly audit   '@esbuild/netbsd-x64': [ '0.21.5' ],
1231 silly audit   '@esbuild/openbsd-x64': [ '0.21.5' ],
1231 silly audit   '@esbuild/sunos-x64': [ '0.21.5' ],
1231 silly audit   '@esbuild/win32-arm64': [ '0.21.5' ],
1231 silly audit   '@esbuild/win32-ia32': [ '0.21.5' ],
1231 silly audit   '@esbuild/win32-x64': [ '0.21.5' ],
1231 silly audit   '@rollup/rollup-android-arm-eabi': [ '4.62.2' ],
1231 silly audit   '@rollup/rollup-android-arm64': [ '4.62.2' ],
1231 silly audit   '@rollup/rollup-darwin-arm64': [ '4.62.2' ],
1231 silly audit   '@rollup/rollup-darwin-x64': [ '4.62.2' ],
1231 silly audit   '@rollup/rollup-freebsd-arm64': [ '4.62.2' ],
1231 silly audit   '@rollup/rollup-freebsd-x64': [ '4.62.2' ],
1231 silly audit   '@rollup/rollup-linux-arm-gnueabihf': [ '4.62.2' ],
1231 silly audit   '@rollup/rollup-linux-arm-musleabihf': [ '4.62.2' ],
1231 silly audit   '@rollup/rollup-linux-arm64-gnu': [ '4.62.2' ],
1231 silly audit   '@rollup/rollup-linux-arm64-musl': [ '4.62.2' ],
1231 silly audit   '@rollup/rollup-linux-loong64-gnu': [ '4.62.2' ],
1231 silly audit   '@rollup/rollup-linux-loong64-musl': [ '4.62.2' ],
1231 silly audit   '@rollup/rollup-linux-ppc64-gnu': [ '4.62.2' ],
1231 silly audit   '@rollup/rollup-linux-ppc64-musl': [ '4.62.2' ],
1231 silly audit   '@rollup/rollup-linux-riscv64-gnu': [ '4.62.2' ],
1231 silly audit   '@rollup/rollup-linux-riscv64-musl': [ '4.62.2' ],
1231 silly audit   '@rollup/rollup-linux-s390x-gnu': [ '4.62.2' ],
1231 silly audit   '@rollup/rollup-linux-x64-gnu': [ '4.62.2' ],
1231 silly audit   '@rollup/rollup-linux-x64-musl': [ '4.62.2' ],
1231 silly audit   '@rollup/rollup-openbsd-x64': [ '4.62.2' ],
1231 silly audit   '@rollup/rollup-openharmony-arm64': [ '4.62.2' ],
1231 silly audit   '@rollup/rollup-win32-arm64-msvc': [ '4.62.2' ],
1231 silly audit   '@rollup/rollup-win32-ia32-msvc': [ '4.62.2' ],
1231 silly audit   '@rollup/rollup-win32-x64-gnu': [ '4.62.2' ],
1231 silly audit   '@rollup/rollup-win32-x64-msvc': [ '4.62.2' ],
1231 silly audit   '@types/estree': [ '1.0.9' ]
1231 silly audit }
1232 http cache @types/estree@https://registry.npmjs.org/@types/estree/-/estree-1.0.9.tgz 0ms (cache hit)
1233 http cache @rollup/rollup-android-arm64@https://registry.npmjs.org/@rollup/rollup-android-arm64/-/rollup-android-arm64-4.62.2.tgz 0ms (cache hit)
1234 http cache @esbuild/android-arm64@https://registry.npmjs.org/@esbuild/android-arm64/-/android-arm64-0.21.5.tgz 0ms (cache hit)
1235 http cache rollup@https://registry.npmjs.org/rollup/-/rollup-4.62.2.tgz 0ms (cache hit)
1236 http cache esbuild@https://registry.npmjs.org/esbuild/-/esbuild-0.21.5.tgz 0ms (cache hit)
1237 http cache d3-path@https://registry.npmjs.org/d3-path/-/d3-path-3.1.0.tgz 0ms (cache hit)
1238 http cache d3-time-format@https://registry.npmjs.org/d3-time-format/-/d3-time-format-4.1.0.tgz 0ms (cache hit)
1239 http cache d3-format@https://registry.npmjs.org/d3-format/-/d3-format-3.1.2.tgz 0ms (cache hit)
1240 http cache d3-color@https://registry.npmjs.org/d3-color/-/d3-color-3.1.0.tgz 0ms (cache hit)
1241 http cache internmap@https://registry.npmjs.org/internmap/-/internmap-2.0.3.tgz 1ms (cache hit)
1242 http cache @types/d3-path@https://registry.npmjs.org/@types/d3-path/-/d3-path-3.1.1.tgz 0ms (cache hit)
1243 http cache @types/d3-color@https://registry.npmjs.org/@types/d3-color/-/d3-color-3.1.3.tgz 0ms (cache hit)
1244 http cache d3-timer@https://registry.npmjs.org/d3-timer/-/d3-timer-3.0.1.tgz 0ms (cache hit)
1245 http cache d3-time@https://registry.npmjs.org/d3-time/-/d3-time-3.1.0.tgz 0ms (cache hit)
1246 http cache d3-shape@https://registry.npmjs.org/d3-shape/-/d3-shape-3.2.0.tgz 0ms (cache hit)
1247 http cache d3-scale@https://registry.npmjs.org/d3-scale/-/d3-scale-4.0.2.tgz 0ms (cache hit)
1248 http cache d3-interpolate@https://registry.npmjs.org/d3-interpolate/-/d3-interpolate-3.0.1.tgz 0ms (cache hit)
1249 http cache d3-ease@https://registry.npmjs.org/d3-ease/-/d3-ease-3.0.1.tgz 0ms (cache hit)
1250 http cache d3-array@https://registry.npmjs.org/d3-array/-/d3-array-3.2.4.tgz 0ms (cache hit)
1251 http cache @types/d3-timer@https://registry.npmjs.org/@types/d3-timer/-/d3-timer-3.0.2.tgz 0ms (cache hit)
1252 http cache @types/d3-time@https://registry.npmjs.org/@types/d3-time/-/d3-time-3.0.4.tgz 0ms (cache hit)
1253 http cache @types/d3-shape@https://registry.npmjs.org/@types/d3-shape/-/d3-shape-3.1.8.tgz 0ms (cache hit)
1254 http cache @types/d3-scale@https://registry.npmjs.org/@types/d3-scale/-/d3-scale-4.0.9.tgz 0ms (cache hit)
1255 http cache @types/d3-interpolate@https://registry.npmjs.org/@types/d3-interpolate/-/d3-interpolate-3.0.4.tgz 0ms (cache hit)
1256 http cache @types/d3-array@https://registry.npmjs.org/@types/d3-array/-/d3-array-3.2.2.tgz 0ms (cache hit)
1257 http cache @types/d3-ease@https://registry.npmjs.org/@types/d3-ease/-/d3-ease-3.0.2.tgz 0ms (cache hit)
1258 http cache escalade@https://registry.npmjs.org/escalade/-/escalade-3.2.0.tgz 0ms (cache hit)
1259 http cache is-number@https://registry.npmjs.org/is-number/-/is-number-7.0.0.tgz 0ms (cache hit)
1260 http cache thenify@https://registry.npmjs.org/thenify/-/thenify-3.3.1.tgz 0ms (cache hit)
1261 http cache thenify-all@https://registry.npmjs.org/thenify-all/-/thenify-all-1.6.0.tgz 0ms (cache hit)
1262 http cache any-promise@https://registry.npmjs.org/any-promise/-/any-promise-1.3.0.tgz 0ms (cache hit)
1263 http cache ts-interface-checker@https://registry.npmjs.org/ts-interface-checker/-/ts-interface-checker-0.1.13.tgz 0ms (cache hit)
1264 http cache tinyglobby@https://registry.npmjs.org/tinyglobby/-/tinyglobby-0.2.17.tgz 0ms (cache hit)
1265 http cache pirates@https://registry.npmjs.org/pirates/-/pirates-4.0.7.tgz 0ms (cache hit)
1266 http cache mz@https://registry.npmjs.org/mz/-/mz-2.7.0.tgz 0ms (cache hit)
1267 http cache lines-and-columns@https://registry.npmjs.org/lines-and-columns/-/lines-and-columns-1.2.4.tgz 0ms (cache hit)
1268 http cache commander@https://registry.npmjs.org/commander/-/commander-4.1.1.tgz 0ms (cache hit)
1269 http cache queue-microtask@https://registry.npmjs.org/queue-microtask/-/queue-microtask-1.2.3.tgz 0ms (cache hit)
1270 http cache hasown@https://registry.npmjs.org/hasown/-/hasown-2.0.4.tgz 0ms (cache hit)
1271 http cache function-bind@https://registry.npmjs.org/function-bind/-/function-bind-1.1.2.tgz 0ms (cache hit)
1272 http cache supports-preserve-symlinks-flag@https://registry.npmjs.org/supports-preserve-symlinks-flag/-/supports-preserve-symlinks-flag-1.0.0.tgz 0ms (cache hit)
1273 http cache path-parse@https://registry.npmjs.org/path-parse/-/path-parse-1.0.7.tgz 0ms (cache hit)
1274 http cache is-core-module@https://registry.npmjs.org/is-core-module/-/is-core-module-2.16.2.tgz 0ms (cache hit)
1275 http cache es-errors@https://registry.npmjs.org/es-errors/-/es-errors-1.3.0.tgz 0ms (cache hit)
1276 http cache pify@https://registry.npmjs.org/pify/-/pify-2.3.0.tgz 0ms (cache hit)
1277 http cache util-deprecate@https://registry.npmjs.org/util-deprecate/-/util-deprecate-1.0.2.tgz 0ms (cache hit)
1278 http cache cssesc@https://registry.npmjs.org/cssesc/-/cssesc-3.0.0.tgz 0ms (cache hit)
1279 http cache camelcase-css@https://registry.npmjs.org/camelcase-css/-/camelcase-css-2.0.1.tgz 0ms (cache hit)
1280 http cache read-cache@https://registry.npmjs.org/read-cache/-/read-cache-1.0.0.tgz 0ms (cache hit)
1281 http cache is-extglob@https://registry.npmjs.org/is-extglob/-/is-extglob-2.1.1.tgz 0ms (cache hit)
1282 http cache binary-extensions@https://registry.npmjs.org/binary-extensions/-/binary-extensions-2.3.0.tgz 0ms (cache hit)
1283 http cache to-regex-range@https://registry.npmjs.org/to-regex-range/-/to-regex-range-5.0.1.tgz 0ms (cache hit)
1284 http cache reusify@https://registry.npmjs.org/reusify/-/reusify-1.1.0.tgz 0ms (cache hit)
1285 http cache run-parallel@https://registry.npmjs.org/run-parallel/-/run-parallel-1.2.0.tgz 0ms (cache hit)
1286 http cache fastq@https://registry.npmjs.org/fastq/-/fastq-1.20.1.tgz 0ms (cache hit)
1287 http cache @nodelib/fs.scandir@https://registry.npmjs.org/@nodelib/fs.scandir/-/fs.scandir-2.1.5.tgz 0ms (cache hit)
1288 http cache merge2@https://registry.npmjs.org/merge2/-/merge2-1.4.1.tgz 0ms (cache hit)
1289 http cache @nodelib/fs.walk@https://registry.npmjs.org/@nodelib/fs.walk/-/fs.walk-1.2.8.tgz 0ms (cache hit)
1290 http cache @nodelib/fs.stat@https://registry.npmjs.org/@nodelib/fs.stat/-/fs.stat-2.0.5.tgz 0ms (cache hit)
1291 http cache fill-range@https://registry.npmjs.org/fill-range/-/fill-range-7.1.1.tgz 0ms (cache hit)
1292 http cache picomatch@https://registry.npmjs.org/picomatch/-/picomatch-2.3.2.tgz 0ms (cache hit)
1293 http cache readdirp@https://registry.npmjs.org/readdirp/-/readdirp-3.6.0.tgz 0ms (cache hit)
1294 http cache is-binary-path@https://registry.npmjs.org/is-binary-path/-/is-binary-path-2.1.0.tgz 0ms (cache hit)
1295 http cache braces@https://registry.npmjs.org/braces/-/braces-3.0.3.tgz 0ms (cache hit)
1296 http cache anymatch@https://registry.npmjs.org/anymatch/-/anymatch-3.1.3.tgz 0ms (cache hit)
1297 http cache sucrase@https://registry.npmjs.org/sucrase/-/sucrase-3.35.1.tgz 0ms (cache hit)
1298 http cache resolve@https://registry.npmjs.org/resolve/-/resolve-1.22.12.tgz 0ms (cache hit)
1299 http cache postcss-selector-parser@https://registry.npmjs.org/postcss-selector-parser/-/postcss-selector-parser-6.1.4.tgz 0ms (cache hit)
1300 http cache postcss-nested@https://registry.npmjs.org/postcss-nested/-/postcss-nested-6.2.0.tgz 0ms (cache hit)
1301 http cache postcss-load-config@https://registry.npmjs.org/postcss-load-config/-/postcss-load-config-6.0.1.tgz 0ms (cache hit)
1302 http cache postcss-js@https://registry.npmjs.org/postcss-js/-/postcss-js-4.1.0.tgz 0ms (cache hit)
1303 http cache postcss-import@https://registry.npmjs.org/postcss-import/-/postcss-import-15.1.0.tgz 0ms (cache hit)
1304 http cache object-hash@https://registry.npmjs.org/object-hash/-/object-hash-3.0.0.tgz 0ms (cache hit)
1305 http cache normalize-path@https://registry.npmjs.org/normalize-path/-/normalize-path-3.0.0.tgz 0ms (cache hit)
1306 http cache micromatch@https://registry.npmjs.org/micromatch/-/micromatch-4.0.8.tgz 0ms (cache hit)
1307 http cache lilconfig@https://registry.npmjs.org/lilconfig/-/lilconfig-3.1.3.tgz 0ms (cache hit)
1308 http cache jiti@https://registry.npmjs.org/jiti/-/jiti-1.21.7.tgz 0ms (cache hit)
1309 http cache is-glob@https://registry.npmjs.org/is-glob/-/is-glob-4.0.3.tgz 0ms (cache hit)
1310 http cache glob-parent@https://registry.npmjs.org/glob-parent/-/glob-parent-6.0.2.tgz 0ms (cache hit)
1311 http cache fast-glob@https://registry.npmjs.org/fast-glob/-/fast-glob-3.3.3.tgz 0ms (cache hit)
1312 http cache dlv@https://registry.npmjs.org/dlv/-/dlv-1.1.3.tgz 0ms (cache hit)
1313 http cache didyoumean@https://registry.npmjs.org/didyoumean/-/didyoumean-1.2.2.tgz 0ms (cache hit)
1314 http cache chokidar@https://registry.npmjs.org/chokidar/-/chokidar-3.6.0.tgz 0ms (cache hit)
1315 http cache arg@https://registry.npmjs.org/arg/-/arg-5.0.2.tgz 0ms (cache hit)
1316 http cache @alloc/quick-lru@https://registry.npmjs.org/@alloc/quick-lru/-/quick-lru-5.2.0.tgz 0ms (cache hit)
1317 http cache decimal.js-light@https://registry.npmjs.org/decimal.js-light/-/decimal.js-light-2.5.1.tgz 0ms (cache hit)
1318 http cache csstype@https://registry.npmjs.org/csstype/-/csstype-3.2.3.tgz 0ms (cache hit)
1319 http cache @babel/runtime@https://registry.npmjs.org/@babel/runtime/-/runtime-7.29.7.tgz 0ms (cache hit)
1320 http cache object-assign@https://registry.npmjs.org/object-assign/-/object-assign-4.1.1.tgz 0ms (cache hit)
1321 http cache react-transition-group@https://registry.npmjs.org/react-transition-group/-/react-transition-group-4.4.5.tgz 0ms (cache hit)
1322 http cache prop-types@https://registry.npmjs.org/prop-types/-/prop-types-15.8.1.tgz 0ms (cache hit)
1323 http cache fast-equals@https://registry.npmjs.org/fast-equals/-/fast-equals-5.4.0.tgz 0ms (cache hit)
1324 http cache dom-helpers@https://registry.npmjs.org/dom-helpers/-/dom-helpers-5.2.1.tgz 0ms (cache hit)
1325 http cache victory-vendor@https://registry.npmjs.org/victory-vendor/-/victory-vendor-36.9.2.tgz 0ms (cache hit)
1326 http cache recharts-scale@https://registry.npmjs.org/recharts-scale/-/recharts-scale-0.4.5.tgz 0ms (cache hit)
1327 http cache tiny-invariant@https://registry.npmjs.org/tiny-invariant/-/tiny-invariant-1.3.3.tgz 0ms (cache hit)
1328 http cache react-smooth@https://registry.npmjs.org/react-smooth/-/react-smooth-4.0.4.tgz 0ms (cache hit)
1329 http cache react-is@https://registry.npmjs.org/react-is/-/react-is-18.3.1.tgz 0ms (cache hit)
1330 http cache lodash@https://registry.npmjs.org/lodash/-/lodash-4.18.1.tgz 0ms (cache hit)
1331 http cache clsx@https://registry.npmjs.org/clsx/-/clsx-2.1.1.tgz 0ms (cache hit)
1332 http cache eventemitter3@https://registry.npmjs.org/eventemitter3/-/eventemitter3-4.0.7.tgz 0ms (cache hit)
1333 http cache scheduler@https://registry.npmjs.org/scheduler/-/scheduler-0.23.2.tgz 0ms (cache hit)
1334 http cache loose-envify@https://registry.npmjs.org/loose-envify/-/loose-envify-1.4.0.tgz 0ms (cache hit)
1335 http cache source-map-js@https://registry.npmjs.org/source-map-js/-/source-map-js-1.2.1.tgz 0ms (cache hit)
1336 http cache nanoid@https://registry.npmjs.org/nanoid/-/nanoid-3.3.15.tgz 0ms (cache hit)
1337 http cache ms@https://registry.npmjs.org/ms/-/ms-2.1.3.tgz 0ms (cache hit)
1338 http cache yallist@https://registry.npmjs.org/yallist/-/yallist-3.1.1.tgz 0ms (cache hit)
1339 http cache node-releases@https://registry.npmjs.org/node-releases/-/node-releases-2.0.50.tgz 0ms (cache hit)
1340 http cache electron-to-chromium@https://registry.npmjs.org/electron-to-chromium/-/electron-to-chromium-1.5.382.tgz 0ms (cache hit)
1341 http cache update-browserslist-db@https://registry.npmjs.org/update-browserslist-db/-/update-browserslist-db-1.2.3.tgz 0ms (cache hit)
1342 http cache baseline-browser-mapping@https://registry.npmjs.org/baseline-browser-mapping/-/baseline-browser-mapping-2.10.40.tgz 0ms (cache hit)
1343 http cache postcss-value-parser@https://registry.npmjs.org/postcss-value-parser/-/postcss-value-parser-4.2.0.tgz 0ms (cache hit)
1344 http cache fraction.js@https://registry.npmjs.org/fraction.js/-/fraction.js-5.3.4.tgz 0ms (cache hit)
1345 http cache caniuse-lite@https://registry.npmjs.org/caniuse-lite/-/caniuse-lite-1.0.30001800.tgz 0ms (cache hit)
1346 http cache @types/babel__traverse@https://registry.npmjs.org/@types/babel__traverse/-/babel__traverse-7.28.0.tgz 0ms (cache hit)
1347 http cache @types/babel__template@https://registry.npmjs.org/@types/babel__template/-/babel__template-7.4.4.tgz 0ms (cache hit)
1348 http cache @types/babel__generator@https://registry.npmjs.org/@types/babel__generator/-/babel__generator-7.27.0.tgz 0ms (cache hit)
1349 http cache @jridgewell/resolve-uri@https://registry.npmjs.org/@jridgewell/resolve-uri/-/resolve-uri-3.1.2.tgz 0ms (cache hit)
1350 http cache @jridgewell/sourcemap-codec@https://registry.npmjs.org/@jridgewell/sourcemap-codec/-/sourcemap-codec-1.5.5.tgz 0ms (cache hit)
1351 http cache @babel/helper-string-parser@https://registry.npmjs.org/@babel/helper-string-parser/-/helper-string-parser-7.29.7.tgz 0ms (cache hit)
1352 http cache @babel/helper-globals@https://registry.npmjs.org/@babel/helper-globals/-/helper-globals-7.29.7.tgz 0ms (cache hit)
1353 http cache @babel/helper-plugin-utils@https://registry.npmjs.org/@babel/helper-plugin-utils/-/helper-plugin-utils-7.29.7.tgz 0ms (cache hit)
1354 http cache @babel/helper-module-imports@https://registry.npmjs.org/@babel/helper-module-imports/-/helper-module-imports-7.29.7.tgz 0ms (cache hit)
1355 http cache lru-cache@https://registry.npmjs.org/lru-cache/-/lru-cache-5.1.1.tgz 0ms (cache hit)
1356 http cache browserslist@https://registry.npmjs.org/browserslist/-/browserslist-4.28.4.tgz 0ms (cache hit)
1357 http cache @babel/helper-validator-option@https://registry.npmjs.org/@babel/helper-validator-option/-/helper-validator-option-7.29.7.tgz 0ms (cache hit)
1358 http cache @babel/compat-data@https://registry.npmjs.org/@babel/compat-data/-/compat-data-7.29.7.tgz 0ms (cache hit)
1359 http cache @jridgewell/trace-mapping@https://registry.npmjs.org/@jridgewell/trace-mapping/-/trace-mapping-0.3.31.tgz 0ms (cache hit)
1360 http cache jsesc@https://registry.npmjs.org/jsesc/-/jsesc-3.1.0.tgz 0ms (cache hit)
1361 http cache @jridgewell/gen-mapping@https://registry.npmjs.org/@jridgewell/gen-mapping/-/gen-mapping-0.3.13.tgz 0ms (cache hit)
1362 http cache js-tokens@https://registry.npmjs.org/js-tokens/-/js-tokens-4.0.0.tgz 0ms (cache hit)
1363 http cache picocolors@https://registry.npmjs.org/picocolors/-/picocolors-1.1.1.tgz 0ms (cache hit)
1364 http cache semver@https://registry.npmjs.org/semver/-/semver-6.3.1.tgz 0ms (cache hit)
1365 http cache @babel/helper-validator-identifier@https://registry.npmjs.org/@babel/helper-validator-identifier/-/helper-validator-identifier-7.29.7.tgz 0ms (cache hit)
1366 http cache json5@https://registry.npmjs.org/json5/-/json5-2.2.3.tgz 0ms (cache hit)
1367 http cache gensync@https://registry.npmjs.org/gensync/-/gensync-1.0.0-beta.2.tgz 0ms (cache hit)
1368 http cache debug@https://registry.npmjs.org/debug/-/debug-4.4.3.tgz 0ms (cache hit)
1369 http cache convert-source-map@https://registry.npmjs.org/convert-source-map/-/convert-source-map-2.0.0.tgz 0ms (cache hit)
1370 http cache @jridgewell/remapping@https://registry.npmjs.org/@jridgewell/remapping/-/remapping-2.3.5.tgz 0ms (cache hit)
1371 http cache @babel/types@https://registry.npmjs.org/@babel/types/-/types-7.29.7.tgz 0ms (cache hit)
1372 http cache @babel/traverse@https://registry.npmjs.org/@babel/traverse/-/traverse-7.29.7.tgz 0ms (cache hit)
1373 http cache @babel/template@https://registry.npmjs.org/@babel/template/-/template-7.29.7.tgz 0ms (cache hit)
1374 http cache @babel/helpers@https://registry.npmjs.org/@babel/helpers/-/helpers-7.29.7.tgz 0ms (cache hit)
1375 http cache @babel/parser@https://registry.npmjs.org/@babel/parser/-/parser-7.29.7.tgz 0ms (cache hit)
1376 http cache @babel/helper-module-transforms@https://registry.npmjs.org/@babel/helper-module-transforms/-/helper-module-transforms-7.29.7.tgz 0ms (cache hit)
1377 http cache @babel/helper-compilation-targets@https://registry.npmjs.org/@babel/helper-compilation-targets/-/helper-compilation-targets-7.29.7.tgz 0ms (cache hit)
1378 http cache @babel/generator@https://registry.npmjs.org/@babel/generator/-/generator-7.29.7.tgz 0ms (cache hit)
1379 http cache @babel/code-frame@https://registry.npmjs.org/@babel/code-frame/-/code-frame-7.29.7.tgz 0ms (cache hit)
1380 http cache react-refresh@https://registry.npmjs.org/react-refresh/-/react-refresh-0.17.0.tgz 0ms (cache hit)
1381 http cache @types/babel__core@https://registry.npmjs.org/@types/babel__core/-/babel__core-7.20.5.tgz 0ms (cache hit)
1382 http cache @rolldown/pluginutils@https://registry.npmjs.org/@rolldown/pluginutils/-/pluginutils-1.0.0-beta.27.tgz 0ms (cache hit)
1383 http cache @babel/plugin-transform-react-jsx-source@https://registry.npmjs.org/@babel/plugin-transform-react-jsx-source/-/plugin-transform-react-jsx-source-7.29.7.tgz 0ms (cache hit)
1384 http cache @babel/plugin-transform-react-jsx-self@https://registry.npmjs.org/@babel/plugin-transform-react-jsx-self/-/plugin-transform-react-jsx-self-7.29.7.tgz 0ms (cache hit)
1385 http cache @babel/core@https://registry.npmjs.org/@babel/core/-/core-7.29.7.tgz 0ms (cache hit)
1386 http cache tailwindcss@https://registry.npmjs.org/tailwindcss/-/tailwindcss-3.4.19.tgz 0ms (cache hit)
1387 http cache recharts@https://registry.npmjs.org/recharts/-/recharts-2.15.4.tgz 0ms (cache hit)
1388 http cache react-dom@https://registry.npmjs.org/react-dom/-/react-dom-18.3.1.tgz 0ms (cache hit)
1389 http cache react@https://registry.npmjs.org/react/-/react-18.3.1.tgz 0ms (cache hit)
1390 http cache postcss@https://registry.npmjs.org/postcss/-/postcss-8.5.16.tgz 0ms (cache hit)
1391 http cache autoprefixer@https://registry.npmjs.org/autoprefixer/-/autoprefixer-10.5.2.tgz 0ms (cache hit)
1392 http cache vite@https://registry.npmjs.org/vite/-/vite-5.4.21.tgz 0ms (cache hit)
1393 http cache @vitejs/plugin-react@https://registry.npmjs.org/@vitejs/plugin-react/-/plugin-react-4.7.0.tgz 0ms (cache hit)
1394 http cache picomatch@https://registry.npmjs.org/picomatch/-/picomatch-4.0.4.tgz 0ms (cache hit)
1395 http cache fdir@https://registry.npmjs.org/fdir/-/fdir-6.5.0.tgz 0ms (cache hit)
1396 http cache glob-parent@https://registry.npmjs.org/glob-parent/-/glob-parent-5.1.2.tgz 0ms (cache hit)
1397 http cache glob-parent@https://registry.npmjs.org/glob-parent/-/glob-parent-5.1.2.tgz 0ms (cache hit)
1398 http cache react-is@https://registry.npmjs.org/react-is/-/react-is-16.13.1.tgz 0ms (cache hit)
1399 silly tarball no local data for @types/estree@https://registry.npmjs.org/@types/estree/-/estree-1.0.9.tgz. Extracting by manifest.
1400 silly tarball no local data for @rollup/rollup-android-arm64@https://registry.npmjs.org/@rollup/rollup-android-arm64/-/rollup-android-arm64-4.62.2.tgz. Extracting by manifest.
1401 silly tarball no local data for @esbuild/android-arm64@https://registry.npmjs.org/@esbuild/android-arm64/-/android-arm64-0.21.5.tgz. Extracting by manifest.
1402 silly tarball no local data for rollup@https://registry.npmjs.org/rollup/-/rollup-4.62.2.tgz. Extracting by manifest.
1403 silly tarball no local data for esbuild@https://registry.npmjs.org/esbuild/-/esbuild-0.21.5.tgz. Extracting by manifest.
1404 silly tarball no local data for d3-path@https://registry.npmjs.org/d3-path/-/d3-path-3.1.0.tgz. Extracting by manifest.
1405 silly tarball no local data for d3-time-format@https://registry.npmjs.org/d3-time-format/-/d3-time-format-4.1.0.tgz. Extracting by manifest.
1406 silly tarball no local data for d3-format@https://registry.npmjs.org/d3-format/-/d3-format-3.1.2.tgz. Extracting by manifest.
1407 silly tarball no local data for d3-color@https://registry.npmjs.org/d3-color/-/d3-color-3.1.0.tgz. Extracting by manifest.
1408 silly tarball no local data for internmap@https://registry.npmjs.org/internmap/-/internmap-2.0.3.tgz. Extracting by manifest.
1409 silly tarball no local data for @types/d3-path@https://registry.npmjs.org/@types/d3-path/-/d3-path-3.1.1.tgz. Extracting by manifest.
1410 silly tarball no local data for @types/d3-color@https://registry.npmjs.org/@types/d3-color/-/d3-color-3.1.3.tgz. Extracting by manifest.
1411 silly tarball no local data for d3-timer@https://registry.npmjs.org/d3-timer/-/d3-timer-3.0.1.tgz. Extracting by manifest.
1412 silly tarball no local data for d3-time@https://registry.npmjs.org/d3-time/-/d3-time-3.1.0.tgz. Extracting by manifest.
1413 silly tarball no local data for d3-shape@https://registry.npmjs.org/d3-shape/-/d3-shape-3.2.0.tgz. Extracting by manifest.
1414 silly tarball no local data for d3-scale@https://registry.npmjs.org/d3-scale/-/d3-scale-4.0.2.tgz. Extracting by manifest.
1415 silly tarball no local data for d3-interpolate@https://registry.npmjs.org/d3-interpolate/-/d3-interpolate-3.0.1.tgz. Extracting by manifest.
1416 silly tarball no local data for d3-ease@https://registry.npmjs.org/d3-ease/-/d3-ease-3.0.1.tgz. Extracting by manifest.
1417 silly tarball no local data for d3-array@https://registry.npmjs.org/d3-array/-/d3-array-3.2.4.tgz. Extracting by manifest.
1418 silly tarball no local data for @types/d3-timer@https://registry.npmjs.org/@types/d3-timer/-/d3-timer-3.0.2.tgz. Extracting by manifest.
1419 silly tarball no local data for @types/d3-time@https://registry.npmjs.org/@types/d3-time/-/d3-time-3.0.4.tgz. Extracting by manifest.
1420 silly tarball no local data for @types/d3-shape@https://registry.npmjs.org/@types/d3-shape/-/d3-shape-3.1.8.tgz. Extracting by manifest.
1421 silly tarball no local data for @types/d3-scale@https://registry.npmjs.org/@types/d3-scale/-/d3-scale-4.0.9.tgz. Extracting by manifest.
1422 silly tarball no local data for @types/d3-interpolate@https://registry.npmjs.org/@types/d3-interpolate/-/d3-interpolate-3.0.4.tgz. Extracting by manifest.
1423 silly tarball no local data for @types/d3-array@https://registry.npmjs.org/@types/d3-array/-/d3-array-3.2.2.tgz. Extracting by manifest.
1424 silly tarball no local data for @types/d3-ease@https://registry.npmjs.org/@types/d3-ease/-/d3-ease-3.0.2.tgz. Extracting by manifest.
1425 silly tarball no local data for escalade@https://registry.npmjs.org/escalade/-/escalade-3.2.0.tgz. Extracting by manifest.
1426 silly tarball no local data for is-number@https://registry.npmjs.org/is-number/-/is-number-7.0.0.tgz. Extracting by manifest.
1427 silly tarball no local data for thenify@https://registry.npmjs.org/thenify/-/thenify-3.3.1.tgz. Extracting by manifest.
1428 silly tarball no local data for thenify-all@https://registry.npmjs.org/thenify-all/-/thenify-all-1.6.0.tgz. Extracting by manifest.
1429 silly tarball no local data for any-promise@https://registry.npmjs.org/any-promise/-/any-promise-1.3.0.tgz. Extracting by manifest.
1430 silly tarball no local data for ts-interface-checker@https://registry.npmjs.org/ts-interface-checker/-/ts-interface-checker-0.1.13.tgz. Extracting by manifest.
1431 silly tarball no local data for tinyglobby@https://registry.npmjs.org/tinyglobby/-/tinyglobby-0.2.17.tgz. Extracting by manifest.
1432 silly tarball no local data for pirates@https://registry.npmjs.org/pirates/-/pirates-4.0.7.tgz. Extracting by manifest.
1433 silly tarball no local data for mz@https://registry.npmjs.org/mz/-/mz-2.7.0.tgz. Extracting by manifest.
1434 silly tarball no local data for lines-and-columns@https://registry.npmjs.org/lines-and-columns/-/lines-and-columns-1.2.4.tgz. Extracting by manifest.
1435 silly tarball no local data for commander@https://registry.npmjs.org/commander/-/commander-4.1.1.tgz. Extracting by manifest.
1436 silly tarball no local data for queue-microtask@https://registry.npmjs.org/queue-microtask/-/queue-microtask-1.2.3.tgz. Extracting by manifest.
1437 silly tarball no local data for hasown@https://registry.npmjs.org/hasown/-/hasown-2.0.4.tgz. Extracting by manifest.
1438 silly tarball no local data for function-bind@https://registry.npmjs.org/function-bind/-/function-bind-1.1.2.tgz. Extracting by manifest.
1439 silly tarball no local data for supports-preserve-symlinks-flag@https://registry.npmjs.org/supports-preserve-symlinks-flag/-/supports-preserve-symlinks-flag-1.0.0.tgz. Extracting by manifest.
1440 silly tarball no local data for path-parse@https://registry.npmjs.org/path-parse/-/path-parse-1.0.7.tgz. Extracting by manifest.
1441 silly tarball no local data for is-core-module@https://registry.npmjs.org/is-core-module/-/is-core-module-2.16.2.tgz. Extracting by manifest.
1442 silly tarball no local data for es-errors@https://registry.npmjs.org/es-errors/-/es-errors-1.3.0.tgz. Extracting by manifest.
1443 silly tarball no local data for pify@https://registry.npmjs.org/pify/-/pify-2.3.0.tgz. Extracting by manifest.
1444 silly tarball no local data for util-deprecate@https://registry.npmjs.org/util-deprecate/-/util-deprecate-1.0.2.tgz. Extracting by manifest.
1445 silly tarball no local data for cssesc@https://registry.npmjs.org/cssesc/-/cssesc-3.0.0.tgz. Extracting by manifest.
1446 silly tarball no local data for camelcase-css@https://registry.npmjs.org/camelcase-css/-/camelcase-css-2.0.1.tgz. Extracting by manifest.
1447 silly tarball no local data for read-cache@https://registry.npmjs.org/read-cache/-/read-cache-1.0.0.tgz. Extracting by manifest.
1448 silly tarball no local data for is-extglob@https://registry.npmjs.org/is-extglob/-/is-extglob-2.1.1.tgz. Extracting by manifest.
1449 silly tarball no local data for binary-extensions@https://registry.npmjs.org/binary-extensions/-/binary-extensions-2.3.0.tgz. Extracting by manifest.
1450 silly tarball no local data for to-regex-range@https://registry.npmjs.org/to-regex-range/-/to-regex-range-5.0.1.tgz. Extracting by manifest.
1451 silly tarball no local data for reusify@https://registry.npmjs.org/reusify/-/reusify-1.1.0.tgz. Extracting by manifest.
1452 silly tarball no local data for run-parallel@https://registry.npmjs.org/run-parallel/-/run-parallel-1.2.0.tgz. Extracting by manifest.
1453 silly tarball no local data for fastq@https://registry.npmjs.org/fastq/-/fastq-1.20.1.tgz. Extracting by manifest.
1454 silly tarball no local data for @nodelib/fs.scandir@https://registry.npmjs.org/@nodelib/fs.scandir/-/fs.scandir-2.1.5.tgz. Extracting by manifest.
1455 silly tarball no local data for merge2@https://registry.npmjs.org/merge2/-/merge2-1.4.1.tgz. Extracting by manifest.
1456 silly tarball no local data for @nodelib/fs.walk@https://registry.npmjs.org/@nodelib/fs.walk/-/fs.walk-1.2.8.tgz. Extracting by manifest.
1457 silly tarball no local data for @nodelib/fs.stat@https://registry.npmjs.org/@nodelib/fs.stat/-/fs.stat-2.0.5.tgz. Extracting by manifest.
1458 silly tarball no local data for fill-range@https://registry.npmjs.org/fill-range/-/fill-range-7.1.1.tgz. Extracting by manifest.
1459 silly tarball no local data for picomatch@https://registry.npmjs.org/picomatch/-/picomatch-2.3.2.tgz. Extracting by manifest.
1460 silly tarball no local data for readdirp@https://registry.npmjs.org/readdirp/-/readdirp-3.6.0.tgz. Extracting by manifest.
1461 silly tarball no local data for is-binary-path@https://registry.npmjs.org/is-binary-path/-/is-binary-path-2.1.0.tgz. Extracting by manifest.
1462 silly tarball no local data for braces@https://registry.npmjs.org/braces/-/braces-3.0.3.tgz. Extracting by manifest.
1463 silly tarball no local data for anymatch@https://registry.npmjs.org/anymatch/-/anymatch-3.1.3.tgz. Extracting by manifest.
1464 silly tarball no local data for sucrase@https://registry.npmjs.org/sucrase/-/sucrase-3.35.1.tgz. Extracting by manifest.
1465 silly tarball no local data for resolve@https://registry.npmjs.org/resolve/-/resolve-1.22.12.tgz. Extracting by manifest.
1466 silly tarball no local data for postcss-selector-parser@https://registry.npmjs.org/postcss-selector-parser/-/postcss-selector-parser-6.1.4.tgz. Extracting by manifest.
1467 silly tarball no local data for postcss-nested@https://registry.npmjs.org/postcss-nested/-/postcss-nested-6.2.0.tgz. Extracting by manifest.
1468 silly tarball no local data for postcss-load-config@https://registry.npmjs.org/postcss-load-config/-/postcss-load-config-6.0.1.tgz. Extracting by manifest.
1469 silly tarball no local data for postcss-js@https://registry.npmjs.org/postcss-js/-/postcss-js-4.1.0.tgz. Extracting by manifest.
1470 silly tarball no local data for postcss-import@https://registry.npmjs.org/postcss-import/-/postcss-import-15.1.0.tgz. Extracting by manifest.
1471 silly tarball no local data for object-hash@https://registry.npmjs.org/object-hash/-/object-hash-3.0.0.tgz. Extracting by manifest.
1472 silly tarball no local data for normalize-path@https://registry.npmjs.org/normalize-path/-/normalize-path-3.0.0.tgz. Extracting by manifest.
1473 silly tarball no local data for micromatch@https://registry.npmjs.org/micromatch/-/micromatch-4.0.8.tgz. Extracting by manifest.
1474 silly tarball no local data for lilconfig@https://registry.npmjs.org/lilconfig/-/lilconfig-3.1.3.tgz. Extracting by manifest.
1475 silly tarball no local data for jiti@https://registry.npmjs.org/jiti/-/jiti-1.21.7.tgz. Extracting by manifest.
1476 silly tarball no local data for is-glob@https://registry.npmjs.org/is-glob/-/is-glob-4.0.3.tgz. Extracting by manifest.
1477 silly tarball no local data for glob-parent@https://registry.npmjs.org/glob-parent/-/glob-parent-6.0.2.tgz. Extracting by manifest.
1478 silly tarball no local data for fast-glob@https://registry.npmjs.org/fast-glob/-/fast-glob-3.3.3.tgz. Extracting by manifest.
1479 silly tarball no local data for dlv@https://registry.npmjs.org/dlv/-/dlv-1.1.3.tgz. Extracting by manifest.
1480 silly tarball no local data for didyoumean@https://registry.npmjs.org/didyoumean/-/didyoumean-1.2.2.tgz. Extracting by manifest.
1481 silly tarball no local data for chokidar@https://registry.npmjs.org/chokidar/-/chokidar-3.6.0.tgz. Extracting by manifest.
1482 silly tarball no local data for arg@https://registry.npmjs.org/arg/-/arg-5.0.2.tgz. Extracting by manifest.
1483 silly tarball no local data for @alloc/quick-lru@https://registry.npmjs.org/@alloc/quick-lru/-/quick-lru-5.2.0.tgz. Extracting by manifest.
1484 silly tarball no local data for decimal.js-light@https://registry.npmjs.org/decimal.js-light/-/decimal.js-light-2.5.1.tgz. Extracting by manifest.
1485 silly tarball no local data for csstype@https://registry.npmjs.org/csstype/-/csstype-3.2.3.tgz. Extracting by manifest.
1486 silly tarball no local data for @babel/runtime@https://registry.npmjs.org/@babel/runtime/-/runtime-7.29.7.tgz. Extracting by manifest.
1487 silly tarball no local data for object-assign@https://registry.npmjs.org/object-assign/-/object-assign-4.1.1.tgz. Extracting by manifest.
1488 silly tarball no local data for react-transition-group@https://registry.npmjs.org/react-transition-group/-/react-transition-group-4.4.5.tgz. Extracting by manifest.
1489 silly tarball no local data for prop-types@https://registry.npmjs.org/prop-types/-/prop-types-15.8.1.tgz. Extracting by manifest.
1490 silly tarball no local data for fast-equals@https://registry.npmjs.org/fast-equals/-/fast-equals-5.4.0.tgz. Extracting by manifest.
1491 silly tarball no local data for dom-helpers@https://registry.npmjs.org/dom-helpers/-/dom-helpers-5.2.1.tgz. Extracting by manifest.
1492 silly tarball no local data for victory-vendor@https://registry.npmjs.org/victory-vendor/-/victory-vendor-36.9.2.tgz. Extracting by manifest.
1493 silly tarball no local data for recharts-scale@https://registry.npmjs.org/recharts-scale/-/recharts-scale-0.4.5.tgz. Extracting by manifest.
1494 silly tarball no local data for tiny-invariant@https://registry.npmjs.org/tiny-invariant/-/tiny-invariant-1.3.3.tgz. Extracting by manifest.
1495 silly tarball no local data for react-smooth@https://registry.npmjs.org/react-smooth/-/react-smooth-4.0.4.tgz. Extracting by manifest.
1496 silly tarball no local data for react-is@https://registry.npmjs.org/react-is/-/react-is-18.3.1.tgz. Extracting by manifest.
1497 silly tarball no local data for lodash@https://registry.npmjs.org/lodash/-/lodash-4.18.1.tgz. Extracting by manifest.
1498 silly tarball no local data for clsx@https://registry.npmjs.org/clsx/-/clsx-2.1.1.tgz. Extracting by manifest.
1499 silly tarball no local data for eventemitter3@https://registry.npmjs.org/eventemitter3/-/eventemitter3-4.0.7.tgz. Extracting by manifest.
1500 silly tarball no local data for scheduler@https://registry.npmjs.org/scheduler/-/scheduler-0.23.2.tgz. Extracting by manifest.
1501 silly tarball no local data for loose-envify@https://registry.npmjs.org/loose-envify/-/loose-envify-1.4.0.tgz. Extracting by manifest.
1502 silly tarball no local data for source-map-js@https://registry.npmjs.org/source-map-js/-/source-map-js-1.2.1.tgz. Extracting by manifest.
1503 silly tarball no local data for nanoid@https://registry.npmjs.org/nanoid/-/nanoid-3.3.15.tgz. Extracting by manifest.
1504 silly tarball no local data for ms@https://registry.npmjs.org/ms/-/ms-2.1.3.tgz. Extracting by manifest.
1505 silly tarball no local data for yallist@https://registry.npmjs.org/yallist/-/yallist-3.1.1.tgz. Extracting by manifest.
1506 silly tarball no local data for node-releases@https://registry.npmjs.org/node-releases/-/node-releases-2.0.50.tgz. Extracting by manifest.
1507 silly tarball no local data for electron-to-chromium@https://registry.npmjs.org/electron-to-chromium/-/electron-to-chromium-1.5.382.tgz. Extracting by manifest.
1508 silly tarball no local data for update-browserslist-db@https://registry.npmjs.org/update-browserslist-db/-/update-browserslist-db-1.2.3.tgz. Extracting by manifest.
1509 silly tarball no local data for baseline-browser-mapping@https://registry.npmjs.org/baseline-browser-mapping/-/baseline-browser-mapping-2.10.40.tgz. Extracting by manifest.
1510 silly tarball no local data for postcss-value-parser@https://registry.npmjs.org/postcss-value-parser/-/postcss-value-parser-4.2.0.tgz. Extracting by manifest.
1511 silly tarball no local data for fraction.js@https://registry.npmjs.org/fraction.js/-/fraction.js-5.3.4.tgz. Extracting by manifest.
1512 silly tarball no local data for caniuse-lite@https://registry.npmjs.org/caniuse-lite/-/caniuse-lite-1.0.30001800.tgz. Extracting by manifest.
1513 silly tarball no local data for @types/babel__traverse@https://registry.npmjs.org/@types/babel__traverse/-/babel__traverse-7.28.0.tgz. Extracting by manifest.
1514 silly tarball no local data for @types/babel__template@https://registry.npmjs.org/@types/babel__template/-/babel__template-7.4.4.tgz. Extracting by manifest.
1515 silly tarball no local data for @types/babel__generator@https://registry.npmjs.org/@types/babel__generator/-/babel__generator-7.27.0.tgz. Extracting by manifest.
1516 silly tarball no local data for @jridgewell/resolve-uri@https://registry.npmjs.org/@jridgewell/resolve-uri/-/resolve-uri-3.1.2.tgz. Extracting by manifest.
1517 silly tarball no local data for @jridgewell/sourcemap-codec@https://registry.npmjs.org/@jridgewell/sourcemap-codec/-/sourcemap-codec-1.5.5.tgz. Extracting by manifest.
1518 silly tarball no local data for @babel/helper-string-parser@https://registry.npmjs.org/@babel/helper-string-parser/-/helper-string-parser-7.29.7.tgz. Extracting by manifest.
1519 silly tarball no local data for @babel/helper-globals@https://registry.npmjs.org/@babel/helper-globals/-/helper-globals-7.29.7.tgz. Extracting by manifest.
1520 silly tarball no local data for @babel/helper-plugin-utils@https://registry.npmjs.org/@babel/helper-plugin-utils/-/helper-plugin-utils-7.29.7.tgz. Extracting by manifest.
1521 silly tarball no local data for @babel/helper-module-imports@https://registry.npmjs.org/@babel/helper-module-imports/-/helper-module-imports-7.29.7.tgz. Extracting by manifest.
1522 silly tarball no local data for lru-cache@https://registry.npmjs.org/lru-cache/-/lru-cache-5.1.1.tgz. Extracting by manifest.
1523 silly tarball no local data for browserslist@https://registry.npmjs.org/browserslist/-/browserslist-4.28.4.tgz. Extracting by manifest.
1524 silly tarball no local data for @babel/helper-validator-option@https://registry.npmjs.org/@babel/helper-validator-option/-/helper-validator-option-7.29.7.tgz. Extracting by manifest.
1525 silly tarball no local data for @babel/compat-data@https://registry.npmjs.org/@babel/compat-data/-/compat-data-7.29.7.tgz. Extracting by manifest.
1526 silly tarball no local data for @jridgewell/trace-mapping@https://registry.npmjs.org/@jridgewell/trace-mapping/-/trace-mapping-0.3.31.tgz. Extracting by manifest.
1527 silly tarball no local data for jsesc@https://registry.npmjs.org/jsesc/-/jsesc-3.1.0.tgz. Extracting by manifest.
1528 silly tarball no local data for @jridgewell/gen-mapping@https://registry.npmjs.org/@jridgewell/gen-mapping/-/gen-mapping-0.3.13.tgz. Extracting by manifest.
1529 silly tarball no local data for js-tokens@https://registry.npmjs.org/js-tokens/-/js-tokens-4.0.0.tgz. Extracting by manifest.
1530 silly tarball no local data for picocolors@https://registry.npmjs.org/picocolors/-/picocolors-1.1.1.tgz. Extracting by manifest.
1531 silly tarball no local data for semver@https://registry.npmjs.org/semver/-/semver-6.3.1.tgz. Extracting by manifest.
1532 silly tarball no local data for @babel/helper-validator-identifier@https://registry.npmjs.org/@babel/helper-validator-identifier/-/helper-validator-identifier-7.29.7.tgz. Extracting by manifest.
1533 silly tarball no local data for json5@https://registry.npmjs.org/json5/-/json5-2.2.3.tgz. Extracting by manifest.
1534 silly tarball no local data for gensync@https://registry.npmjs.org/gensync/-/gensync-1.0.0-beta.2.tgz. Extracting by manifest.
1535 silly tarball no local data for debug@https://registry.npmjs.org/debug/-/debug-4.4.3.tgz. Extracting by manifest.
1536 silly tarball no local data for convert-source-map@https://registry.npmjs.org/convert-source-map/-/convert-source-map-2.0.0.tgz. Extracting by manifest.
1537 silly tarball no local data for @jridgewell/remapping@https://registry.npmjs.org/@jridgewell/remapping/-/remapping-2.3.5.tgz. Extracting by manifest.
1538 silly tarball no local data for @babel/types@https://registry.npmjs.org/@babel/types/-/types-7.29.7.tgz. Extracting by manifest.
1539 silly tarball no local data for @babel/traverse@https://registry.npmjs.org/@babel/traverse/-/traverse-7.29.7.tgz. Extracting by manifest.
1540 silly tarball no local data for @babel/template@https://registry.npmjs.org/@babel/template/-/template-7.29.7.tgz. Extracting by manifest.
1541 silly tarball no local data for @babel/helpers@https://registry.npmjs.org/@babel/helpers/-/helpers-7.29.7.tgz. Extracting by manifest.
1542 silly tarball no local data for @babel/parser@https://registry.npmjs.org/@babel/parser/-/parser-7.29.7.tgz. Extracting by manifest.
1543 silly tarball no local data for @babel/helper-module-transforms@https://registry.npmjs.org/@babel/helper-module-transforms/-/helper-module-transforms-7.29.7.tgz. Extracting by manifest.
1544 silly tarball no local data for @babel/helper-compilation-targets@https://registry.npmjs.org/@babel/helper-compilation-targets/-/helper-compilation-targets-7.29.7.tgz. Extracting by manifest.
1545 silly tarball no local data for @babel/generator@https://registry.npmjs.org/@babel/generator/-/generator-7.29.7.tgz. Extracting by manifest.
1546 silly tarball no local data for @babel/code-frame@https://registry.npmjs.org/@babel/code-frame/-/code-frame-7.29.7.tgz. Extracting by manifest.
1547 silly tarball no local data for react-refresh@https://registry.npmjs.org/react-refresh/-/react-refresh-0.17.0.tgz. Extracting by manifest.
1548 silly tarball no local data for @types/babel__core@https://registry.npmjs.org/@types/babel__core/-/babel__core-7.20.5.tgz. Extracting by manifest.
1549 silly tarball no local data for @rolldown/pluginutils@https://registry.npmjs.org/@rolldown/pluginutils/-/pluginutils-1.0.0-beta.27.tgz. Extracting by manifest.
1550 silly tarball no local data for @babel/plugin-transform-react-jsx-source@https://registry.npmjs.org/@babel/plugin-transform-react-jsx-source/-/plugin-transform-react-jsx-source-7.29.7.tgz. Extracting by manifest.
1551 silly tarball no local data for @babel/plugin-transform-react-jsx-self@https://registry.npmjs.org/@babel/plugin-transform-react-jsx-self/-/plugin-transform-react-jsx-self-7.29.7.tgz. Extracting by manifest.
1552 silly tarball no local data for @babel/core@https://registry.npmjs.org/@babel/core/-/core-7.29.7.tgz. Extracting by manifest.
1553 silly tarball no local data for tailwindcss@https://registry.npmjs.org/tailwindcss/-/tailwindcss-3.4.19.tgz. Extracting by manifest.
1554 silly tarball no local data for recharts@https://registry.npmjs.org/recharts/-/recharts-2.15.4.tgz. Extracting by manifest.
1555 silly tarball no local data for react-dom@https://registry.npmjs.org/react-dom/-/react-dom-18.3.1.tgz. Extracting by manifest.
1556 silly tarball no local data for react@https://registry.npmjs.org/react/-/react-18.3.1.tgz. Extracting by manifest.
1557 silly tarball no local data for postcss@https://registry.npmjs.org/postcss/-/postcss-8.5.16.tgz. Extracting by manifest.
1558 silly tarball no local data for autoprefixer@https://registry.npmjs.org/autoprefixer/-/autoprefixer-10.5.2.tgz. Extracting by manifest.
1559 silly tarball no local data for vite@https://registry.npmjs.org/vite/-/vite-5.4.21.tgz. Extracting by manifest.
1560 silly tarball no local data for @vitejs/plugin-react@https://registry.npmjs.org/@vitejs/plugin-react/-/plugin-react-4.7.0.tgz. Extracting by manifest.
1561 silly tarball no local data for picomatch@https://registry.npmjs.org/picomatch/-/picomatch-4.0.4.tgz. Extracting by manifest.
1562 silly tarball no local data for fdir@https://registry.npmjs.org/fdir/-/fdir-6.5.0.tgz. Extracting by manifest.
1563 silly tarball no local data for glob-parent@https://registry.npmjs.org/glob-parent/-/glob-parent-5.1.2.tgz. Extracting by manifest.
1564 silly tarball no local data for glob-parent@https://registry.npmjs.org/glob-parent/-/glob-parent-5.1.2.tgz. Extracting by manifest.
1565 silly tarball no local data for react-is@https://registry.npmjs.org/react-is/-/react-is-16.13.1.tgz. Extracting by manifest.
1566 http fetch POST 200 https://registry.npmjs.org/-/npm/v1/security/advisories/bulk 431ms
1567 silly audit report {
1567 silly audit report   vite: [
1567 silly audit report     {
1567 silly audit report       id: 1120784,
1567 silly audit report       url: 'https://github.com/advisories/GHSA-v6wh-96g9-6wx3',
1567 silly audit report       title: 'launch-editor: NTLMv2 hash disclosure via UNC path handling on Windows',
1567 silly audit report       severity: 'moderate',
1567 silly audit report       vulnerable_versions: '<=6.4.2',
1567 silly audit report       cwe: [Array],
1567 silly audit report       cvss: [Object]
1567 silly audit report     },
1567 silly audit report     {
1567 silly audit report       id: 1120789,
1567 silly audit report       url: 'https://github.com/advisories/GHSA-fx2h-pf6j-xcff',
1567 silly audit report       title: 'vite: `server.fs.deny` bypass on Windows alternate paths',
1567 silly audit report       severity: 'high',
1567 silly audit report       vulnerable_versions: '<=6.4.2',
1567 silly audit report       cwe: [Array],
1567 silly audit report       cvss: [Object]
1567 silly audit report     },
1567 silly audit report     {
1567 silly audit report       id: 1116229,
1567 silly audit report       url: 'https://github.com/advisories/GHSA-4w7w-66w2-5vf9',
1567 silly audit report       title: 'Vite Vulnerable to Path Traversal in Optimized Deps `.map` Handling',
1567 silly audit report       severity: 'moderate',
1567 silly audit report       vulnerable_versions: '<=6.4.1',
1567 silly audit report       cwe: [Array],
1567 silly audit report       cvss: [Object]
1567 silly audit report     }
1567 silly audit report   ],
1567 silly audit report   esbuild: [
1567 silly audit report     {
1567 silly audit report       id: 1102341,
1567 silly audit report       url: 'https://github.com/advisories/GHSA-67mh-4wv8-2f99',
1567 silly audit report       title: 'esbuild enables any website to send any requests to the development server and read the response',
1567 silly audit report       severity: 'moderate',
1567 silly audit report       vulnerable_versions: '<=0.24.2',
1567 silly audit report       cwe: [Array],
1567 silly audit report       cvss: [Object]
1567 silly audit report     }
1567 silly audit report   ]
1567 silly audit report }
1568 silly packumentCache corgi:https://registry.npmjs.org/vite cache-miss
1569 silly packumentCache corgi:https://registry.npmjs.org/esbuild cache-miss
1570 http fetch GET 200 https://registry.npmjs.org/@types/estree/-/estree-1.0.9.tgz 321ms (cache miss)
1571 http fetch GET 200 https://registry.npmjs.org/d3-path/-/d3-path-3.1.0.tgz 328ms (cache miss)
1572 http fetch GET 200 https://registry.npmjs.org/esbuild/-/esbuild-0.21.5.tgz 332ms (cache miss)
1573 http fetch GET 200 https://registry.npmjs.org/d3-scale/-/d3-scale-4.0.2.tgz 394ms (cache miss)
1574 http fetch GET 200 https://registry.npmjs.org/d3-color/-/d3-color-3.1.0.tgz 406ms (cache miss)
1575 http fetch GET 200 https://registry.npmjs.org/d3-shape/-/d3-shape-3.2.0.tgz 417ms (cache miss)
1576 http fetch GET 200 https://registry.npmjs.org/d3-ease/-/d3-ease-3.0.1.tgz 410ms (cache miss)
1577 http fetch GET 200 https://registry.npmjs.org/d3-timer/-/d3-timer-3.0.1.tgz 434ms (cache miss)
1578 http fetch GET 200 https://registry.npmjs.org/d3-time/-/d3-time-3.1.0.tgz 452ms (cache miss)
1579 http fetch GET 200 https://registry.npmjs.org/@types/d3-path/-/d3-path-3.1.1.tgz 460ms (cache miss)
1580 http fetch GET 200 https://registry.npmjs.org/@types/d3-color/-/d3-color-3.1.3.tgz 488ms (cache miss)
1581 http fetch GET 200 https://registry.npmjs.org/@types/d3-timer/-/d3-timer-3.0.2.tgz 475ms (cache miss)
1582 http fetch GET 200 https://registry.npmjs.org/internmap/-/internmap-2.0.3.tgz 494ms (cache miss)
1583 http fetch GET 200 https://registry.npmjs.org/@types/d3-time/-/d3-time-3.0.4.tgz 480ms (cache miss)
1584 http fetch GET 200 https://registry.npmjs.org/d3-interpolate/-/d3-interpolate-3.0.1.tgz 501ms (cache miss)
1585 http fetch GET 200 https://registry.npmjs.org/thenify/-/thenify-3.3.1.tgz 539ms (cache miss)
1586 http fetch GET 200 https://registry.npmjs.org/is-number/-/is-number-7.0.0.tgz 543ms (cache miss)
1587 http fetch GET 200 https://registry.npmjs.org/@types/d3-scale/-/d3-scale-4.0.9.tgz 547ms (cache miss)
1588 http fetch GET 200 https://registry.npmjs.org/@types/d3-interpolate/-/d3-interpolate-3.0.4.tgz 547ms (cache miss)
1589 http fetch GET 200 https://registry.npmjs.org/escalade/-/escalade-3.2.0.tgz 547ms (cache miss)
1590 http fetch GET 200 https://registry.npmjs.org/@types/d3-ease/-/d3-ease-3.0.2.tgz 548ms (cache miss)
1591 http fetch GET 200 https://registry.npmjs.org/@types/d3-array/-/d3-array-3.2.2.tgz 553ms (cache miss)
1592 http fetch GET 200 https://registry.npmjs.org/d3-array/-/d3-array-3.2.4.tgz 568ms (cache miss)
1593 http fetch GET 200 https://registry.npmjs.org/any-promise/-/any-promise-1.3.0.tgz 564ms (cache miss)
1594 http fetch GET 200 https://registry.npmjs.org/d3-format/-/d3-format-3.1.2.tgz 591ms (cache miss)
1595 http fetch GET 200 https://registry.npmjs.org/lines-and-columns/-/lines-and-columns-1.2.4.tgz 572ms (cache miss)
1596 http fetch GET 200 https://registry.npmjs.org/mz/-/mz-2.7.0.tgz 602ms (cache miss)
1597 http fetch GET 200 https://registry.npmjs.org/hasown/-/hasown-2.0.4.tgz 603ms (cache miss)
1598 http fetch GET 200 https://registry.npmjs.org/queue-microtask/-/queue-microtask-1.2.3.tgz 604ms (cache miss)
1599 http fetch GET 200 https://registry.npmjs.org/tinyglobby/-/tinyglobby-0.2.17.tgz 608ms (cache miss)
1600 http fetch GET 200 https://registry.npmjs.org/@types/d3-shape/-/d3-shape-3.1.8.tgz 664ms (cache miss)
1601 http fetch GET 200 https://registry.npmjs.org/pirates/-/pirates-4.0.7.tgz 656ms (cache miss)
1602 http fetch GET 200 https://registry.npmjs.org/commander/-/commander-4.1.1.tgz 656ms (cache miss)
1603 http fetch GET 200 https://registry.npmjs.org/thenify-all/-/thenify-all-1.6.0.tgz 662ms (cache miss)
1604 http fetch GET 200 https://registry.npmjs.org/path-parse/-/path-parse-1.0.7.tgz 654ms (cache miss)
1605 http fetch GET 200 https://registry.npmjs.org/supports-preserve-symlinks-flag/-/supports-preserve-symlinks-flag-1.0.0.tgz 657ms (cache miss)
1606 http fetch GET 200 https://registry.npmjs.org/ts-interface-checker/-/ts-interface-checker-0.1.13.tgz 674ms (cache miss)
1607 http fetch GET 200 https://registry.npmjs.org/is-core-module/-/is-core-module-2.16.2.tgz 667ms (cache miss)
1608 http fetch GET 200 https://registry.npmjs.org/es-errors/-/es-errors-1.3.0.tgz 680ms (cache miss)
1609 http fetch GET 200 https://registry.npmjs.org/function-bind/-/function-bind-1.1.2.tgz 683ms (cache miss)
1610 http fetch GET 200 https://registry.npmjs.org/pify/-/pify-2.3.0.tgz 682ms (cache miss)
1611 http fetch GET 200 https://registry.npmjs.org/is-extglob/-/is-extglob-2.1.1.tgz 701ms (cache miss)
1612 http fetch GET 200 https://registry.npmjs.org/util-deprecate/-/util-deprecate-1.0.2.tgz 706ms (cache miss)
1613 http fetch GET 200 https://registry.npmjs.org/camelcase-css/-/camelcase-css-2.0.1.tgz 713ms (cache miss)
1614 http fetch GET 200 https://registry.npmjs.org/binary-extensions/-/binary-extensions-2.3.0.tgz 711ms (cache miss)
1615 http fetch GET 200 https://registry.npmjs.org/d3-time-format/-/d3-time-format-4.1.0.tgz 750ms (cache miss)
1616 http fetch GET 200 https://registry.npmjs.org/run-parallel/-/run-parallel-1.2.0.tgz 731ms (cache miss)
1617 http fetch GET 200 https://registry.npmjs.org/cssesc/-/cssesc-3.0.0.tgz 739ms (cache miss)
1618 http fetch GET 200 https://registry.npmjs.org/fastq/-/fastq-1.20.1.tgz 740ms (cache miss)
1619 http fetch GET 200 https://registry.npmjs.org/reusify/-/reusify-1.1.0.tgz 742ms (cache miss)
1620 http fetch GET 200 https://registry.npmjs.org/merge2/-/merge2-1.4.1.tgz 774ms (cache miss)
1621 http fetch GET 200 https://registry.npmjs.org/picomatch/-/picomatch-2.3.2.tgz 810ms (cache miss)
1622 http fetch GET 200 https://registry.npmjs.org/is-binary-path/-/is-binary-path-2.1.0.tgz 818ms (cache miss)
1623 http fetch GET 200 https://registry.npmjs.org/read-cache/-/read-cache-1.0.0.tgz 828ms (cache miss)
1624 http fetch GET 200 https://registry.npmjs.org/fill-range/-/fill-range-7.1.1.tgz 821ms (cache miss)
1625 http fetch GET 200 https://registry.npmjs.org/anymatch/-/anymatch-3.1.3.tgz 821ms (cache miss)
1626 http fetch GET 200 https://registry.npmjs.org/@nodelib/fs.walk/-/fs.walk-1.2.8.tgz 832ms (cache miss)
1627 http fetch GET 200 https://registry.npmjs.org/to-regex-range/-/to-regex-range-5.0.1.tgz 838ms (cache miss)
1628 http fetch GET 200 https://registry.npmjs.org/readdirp/-/readdirp-3.6.0.tgz 835ms (cache miss)
1629 http fetch GET 200 https://registry.npmjs.org/braces/-/braces-3.0.3.tgz 835ms (cache miss)
1630 http fetch GET 200 https://registry.npmjs.org/@nodelib/fs.scandir/-/fs.scandir-2.1.5.tgz 845ms (cache miss)
1631 http fetch GET 200 https://registry.npmjs.org/@nodelib/fs.stat/-/fs.stat-2.0.5.tgz 853ms (cache miss)
1632 http fetch GET 200 https://registry.npmjs.org/postcss-load-config/-/postcss-load-config-6.0.1.tgz 851ms (cache miss)
1633 http fetch GET 200 https://registry.npmjs.org/postcss-nested/-/postcss-nested-6.2.0.tgz 882ms (cache miss)
1634 http fetch GET 200 https://registry.npmjs.org/postcss-js/-/postcss-js-4.1.0.tgz 886ms (cache miss)
1635 http fetch GET 200 https://registry.npmjs.org/micromatch/-/micromatch-4.0.8.tgz 902ms (cache miss)
1636 http fetch GET 200 https://registry.npmjs.org/normalize-path/-/normalize-path-3.0.0.tgz 925ms (cache miss)
1637 http fetch GET 200 https://registry.npmjs.org/object-hash/-/object-hash-3.0.0.tgz 928ms (cache miss)
1638 http fetch GET 200 https://registry.npmjs.org/postcss-selector-parser/-/postcss-selector-parser-6.1.4.tgz 948ms (cache miss)
1639 http fetch GET 200 https://registry.npmjs.org/lilconfig/-/lilconfig-3.1.3.tgz 948ms (cache miss)
1640 http fetch GET 200 https://registry.npmjs.org/is-glob/-/is-glob-4.0.3.tgz 969ms (cache miss)
1641 http fetch GET 200 https://registry.npmjs.org/resolve/-/resolve-1.22.12.tgz 1000ms (cache miss)
1642 http fetch GET 200 https://registry.npmjs.org/glob-parent/-/glob-parent-6.0.2.tgz 1022ms (cache miss)
1643 http fetch GET 200 https://registry.npmjs.org/fast-glob/-/fast-glob-3.3.3.tgz 1043ms (cache miss)
1644 http fetch GET 200 https://registry.npmjs.org/arg/-/arg-5.0.2.tgz 1043ms (cache miss)
1645 http fetch GET 200 https://registry.npmjs.org/@alloc/quick-lru/-/quick-lru-5.2.0.tgz 1048ms (cache miss)
1646 http fetch GET 200 https://registry.npmjs.org/object-assign/-/object-assign-4.1.1.tgz 1130ms (cache miss)
1647 http fetch GET 200 https://registry.npmjs.org/prop-types/-/prop-types-15.8.1.tgz 1174ms (cache miss)
1648 http fetch GET 200 https://registry.npmjs.org/react-transition-group/-/react-transition-group-4.4.5.tgz 1201ms (cache miss)
1649 http fetch GET 200 https://registry.npmjs.org/chokidar/-/chokidar-3.6.0.tgz 1228ms (cache miss)
1650 http fetch GET 200 https://registry.npmjs.org/postcss-import/-/postcss-import-15.1.0.tgz 1261ms (cache miss)
1651 http fetch GET 200 https://registry.npmjs.org/@rollup/rollup-android-arm64/-/rollup-android-arm64-4.62.2.tgz 1320ms (cache miss)
1652 http fetch GET 200 https://registry.npmjs.org/rollup/-/rollup-4.62.2.tgz 1369ms (cache miss)
1653 http fetch GET 200 https://registry.npmjs.org/csstype/-/csstype-3.2.3.tgz 1314ms (cache miss)
1654 http fetch GET 200 https://registry.npmjs.org/@babel/runtime/-/runtime-7.29.7.tgz 1335ms (cache miss)
1655 http fetch GET 200 https://registry.npmjs.org/tiny-invariant/-/tiny-invariant-1.3.3.tgz 1343ms (cache miss)
1656 http fetch GET 200 https://registry.npmjs.org/didyoumean/-/didyoumean-1.2.2.tgz 1379ms (cache miss)
1657 http fetch GET 200 https://registry.npmjs.org/dlv/-/dlv-1.1.3.tgz 1391ms (cache miss)
1658 http fetch GET 200 https://registry.npmjs.org/clsx/-/clsx-2.1.1.tgz 1415ms (cache miss)
1659 http fetch GET 200 https://registry.npmjs.org/eventemitter3/-/eventemitter3-4.0.7.tgz 1422ms (cache miss)
1660 http fetch GET 200 https://registry.npmjs.org/react-is/-/react-is-18.3.1.tgz 1431ms (cache miss)
1661 http fetch GET 200 https://registry.npmjs.org/react-smooth/-/react-smooth-4.0.4.tgz 1441ms (cache miss)
1662 http fetch GET 200 https://registry.npmjs.org/fast-equals/-/fast-equals-5.4.0.tgz 1459ms (cache miss)
1663 http fetch GET 200 https://registry.npmjs.org/decimal.js-light/-/decimal.js-light-2.5.1.tgz 1465ms (cache miss)
1664 http fetch GET 200 https://registry.npmjs.org/recharts-scale/-/recharts-scale-0.4.5.tgz 1466ms (cache miss)
1665 http fetch GET 200 https://registry.npmjs.org/scheduler/-/scheduler-0.23.2.tgz 1467ms (cache miss)
1666 http fetch GET 200 https://registry.npmjs.org/ms/-/ms-2.1.3.tgz 1484ms (cache miss)
1667 http fetch GET 200 https://registry.npmjs.org/loose-envify/-/loose-envify-1.4.0.tgz 1500ms (cache miss)
1668 http fetch GET 200 https://registry.npmjs.org/nanoid/-/nanoid-3.3.15.tgz 1506ms (cache miss)
1669 http fetch GET 200 https://registry.npmjs.org/yallist/-/yallist-3.1.1.tgz 1512ms (cache miss)
1670 http fetch GET 200 https://registry.npmjs.org/electron-to-chromium/-/electron-to-chromium-1.5.382.tgz 1540ms (cache miss)
1671 http fetch GET 200 https://registry.npmjs.org/source-map-js/-/source-map-js-1.2.1.tgz 1547ms (cache miss)
1672 http fetch GET 200 https://registry.npmjs.org/dom-helpers/-/dom-helpers-5.2.1.tgz 1568ms (cache miss)
1673 http fetch GET 200 https://registry.npmjs.org/sucrase/-/sucrase-3.35.1.tgz 1608ms (cache miss)
1674 http fetch GET 200 https://registry.npmjs.org/update-browserslist-db/-/update-browserslist-db-1.2.3.tgz 1619ms (cache miss)
1675 http fetch GET 200 https://registry.npmjs.org/baseline-browser-mapping/-/baseline-browser-mapping-2.10.40.tgz 1620ms (cache miss)
1676 http fetch GET 200 https://registry.npmjs.org/@types/babel__template/-/babel__template-7.4.4.tgz 1624ms (cache miss)
1677 http fetch GET 200 https://registry.npmjs.org/@jridgewell/resolve-uri/-/resolve-uri-3.1.2.tgz 1639ms (cache miss)
1678 http fetch GET 200 https://registry.npmjs.org/@types/babel__generator/-/babel__generator-7.27.0.tgz 1671ms (cache miss)
1679 http fetch GET 200 https://registry.npmjs.org/@babel/helper-string-parser/-/helper-string-parser-7.29.7.tgz 1688ms (cache miss)
1680 http fetch GET 200 https://registry.npmjs.org/postcss-value-parser/-/postcss-value-parser-4.2.0.tgz 1696ms (cache miss)
1681 http fetch GET 200 https://registry.npmjs.org/@babel/helper-plugin-utils/-/helper-plugin-utils-7.29.7.tgz 1730ms (cache miss)
1682 http fetch GET 200 https://registry.npmjs.org/@babel/helper-globals/-/helper-globals-7.29.7.tgz 1739ms (cache miss)
1683 http fetch GET 200 https://registry.npmjs.org/@jridgewell/sourcemap-codec/-/sourcemap-codec-1.5.5.tgz 1745ms (cache miss)
1684 http fetch GET 200 https://registry.npmjs.org/@babel/helper-module-imports/-/helper-module-imports-7.29.7.tgz 1747ms (cache miss)
1685 http fetch GET 200 https://registry.npmjs.org/lru-cache/-/lru-cache-5.1.1.tgz 1751ms (cache miss)
1686 http fetch GET 200 https://registry.npmjs.org/fraction.js/-/fraction.js-5.3.4.tgz 1786ms (cache miss)
1687 http fetch GET 200 https://registry.npmjs.org/jsesc/-/jsesc-3.1.0.tgz 1783ms (cache miss)
1688 http fetch GET 200 https://registry.npmjs.org/@babel/helper-validator-option/-/helper-validator-option-7.29.7.tgz 1786ms (cache miss)
1689 http fetch GET 200 https://registry.npmjs.org/browserslist/-/browserslist-4.28.4.tgz 1805ms (cache miss)
1690 http fetch GET 200 https://registry.npmjs.org/js-tokens/-/js-tokens-4.0.0.tgz 1813ms (cache miss)
1691 http fetch GET 200 https://registry.npmjs.org/@babel/compat-data/-/compat-data-7.29.7.tgz 1839ms (cache miss)
1692 http fetch GET 200 https://registry.npmjs.org/semver/-/semver-6.3.1.tgz 1857ms (cache miss)
1693 http fetch GET 200 https://registry.npmjs.org/@jridgewell/trace-mapping/-/trace-mapping-0.3.31.tgz 1865ms (cache miss)
1694 http fetch GET 200 https://registry.npmjs.org/gensync/-/gensync-1.0.0-beta.2.tgz 1874ms (cache miss)
1695 http fetch GET 200 https://registry.npmjs.org/picocolors/-/picocolors-1.1.1.tgz 1879ms (cache miss)
1696 http fetch GET 200 https://registry.npmjs.org/@jridgewell/gen-mapping/-/gen-mapping-0.3.13.tgz 1896ms (cache miss)
1697 http fetch GET 200 https://registry.npmjs.org/victory-vendor/-/victory-vendor-36.9.2.tgz 1940ms (cache miss)
1698 http fetch GET 200 https://registry.npmjs.org/debug/-/debug-4.4.3.tgz 1920ms (cache miss)
1699 http fetch GET 200 https://registry.npmjs.org/json5/-/json5-2.2.3.tgz 1928ms (cache miss)
1700 http fetch GET 200 https://registry.npmjs.org/convert-source-map/-/convert-source-map-2.0.0.tgz 1949ms (cache miss)
1701 http fetch GET 200 https://registry.npmjs.org/lodash/-/lodash-4.18.1.tgz 2008ms (cache miss)
1702 http fetch GET 200 https://registry.npmjs.org/@types/babel__traverse/-/babel__traverse-7.28.0.tgz 2022ms (cache miss)
1703 http fetch GET 200 https://registry.npmjs.org/@jridgewell/remapping/-/remapping-2.3.5.tgz 2007ms (cache miss)
1704 http fetch GET 200 https://registry.npmjs.org/node-releases/-/node-releases-2.0.50.tgz 2214ms (cache miss)
1705 http fetch GET 200 https://registry.npmjs.org/@babel/helper-compilation-targets/-/helper-compilation-targets-7.29.7.tgz 2216ms (cache miss)
1706 http fetch GET 200 https://registry.npmjs.org/@babel/helper-module-transforms/-/helper-module-transforms-7.29.7.tgz 2276ms (cache miss)
1707 http fetch GET 200 https://registry.npmjs.org/react-refresh/-/react-refresh-0.17.0.tgz 2301ms (cache miss)
1708 http fetch GET 200 https://registry.npmjs.org/@babel/generator/-/generator-7.29.7.tgz 2325ms (cache miss)
1709 http fetch GET 200 https://registry.npmjs.org/caniuse-lite/-/caniuse-lite-1.0.30001800.tgz 2466ms (cache miss)
1710 http fetch GET 200 https://registry.npmjs.org/@babel/traverse/-/traverse-7.29.7.tgz 2459ms (cache miss)
1711 http fetch GET 200 https://registry.npmjs.org/@rolldown/pluginutils/-/pluginutils-1.0.0-beta.27.tgz 2455ms (cache miss)
1712 http fetch GET 200 https://registry.npmjs.org/@babel/helper-validator-identifier/-/helper-validator-identifier-7.29.7.tgz 2484ms (cache miss)
1713 http fetch GET 200 https://registry.npmjs.org/@babel/code-frame/-/code-frame-7.29.7.tgz 2500ms (cache miss)
1714 http fetch GET 200 https://registry.npmjs.org/@babel/plugin-transform-react-jsx-source/-/plugin-transform-react-jsx-source-7.29.7.tgz 2568ms (cache miss)
1715 http fetch GET 200 https://registry.npmjs.org/@babel/template/-/template-7.29.7.tgz 2611ms (cache miss)
1716 http fetch GET 200 https://registry.npmjs.org/@babel/helpers/-/helpers-7.29.7.tgz 2690ms (cache miss)
1717 http fetch GET 200 https://registry.npmjs.org/postcss/-/postcss-8.5.16.tgz 2755ms (cache miss)
1718 http fetch GET 200 https://registry.npmjs.org/@babel/plugin-transform-react-jsx-self/-/plugin-transform-react-jsx-self-7.29.7.tgz 2883ms (cache miss)
1719 http fetch GET 200 https://registry.npmjs.org/@vitejs/plugin-react/-/plugin-react-4.7.0.tgz 2879ms (cache miss)
1720 http fetch GET 200 https://registry.npmjs.org/autoprefixer/-/autoprefixer-10.5.2.tgz 2892ms (cache miss)
1721 http fetch GET 200 https://registry.npmjs.org/@babel/types/-/types-7.29.7.tgz 2950ms (cache miss)
1722 http fetch GET 200 https://registry.npmjs.org/@babel/core/-/core-7.29.7.tgz 2971ms (cache miss)
1723 http fetch GET 200 https://registry.npmjs.org/fdir/-/fdir-6.5.0.tgz 3089ms (cache miss)
1724 http fetch GET 200 https://registry.npmjs.org/glob-parent/-/glob-parent-5.1.2.tgz 3139ms (cache miss)
1725 http fetch GET 200 https://registry.npmjs.org/glob-parent/-/glob-parent-5.1.2.tgz 3140ms (cache miss)
1726 http fetch GET 200 https://registry.npmjs.org/react-is/-/react-is-16.13.1.tgz 3198ms (cache miss)
1727 http fetch GET 200 https://registry.npmjs.org/@babel/parser/-/parser-7.29.7.tgz 3214ms (cache miss)
1728 http fetch GET 200 https://registry.npmjs.org/react/-/react-18.3.1.tgz 3392ms (cache miss)
1729 http fetch GET 200 https://registry.npmjs.org/picomatch/-/picomatch-4.0.4.tgz 3443ms (cache miss)
1730 http fetch GET 200 https://registry.npmjs.org/@types/babel__core/-/babel__core-7.20.5.tgz 3554ms (cache miss)
1731 http fetch GET 200 https://registry.npmjs.org/vite/-/vite-5.4.21.tgz 3734ms (cache miss)
1732 http fetch GET 200 https://registry.npmjs.org/jiti/-/jiti-1.21.7.tgz 4041ms (cache miss)
1733 http fetch GET 200 https://registry.npmjs.org/vite 3893ms (cache miss)
1734 silly packumentCache corgi:https://registry.npmjs.org/vite set size:undefined disposed:false
1735 http fetch GET 200 https://registry.npmjs.org/tailwindcss/-/tailwindcss-3.4.19.tgz 4345ms (cache miss)
1736 http fetch GET 200 https://registry.npmjs.org/esbuild 4495ms (cache miss)
1737 silly packumentCache corgi:https://registry.npmjs.org/esbuild set size:undefined disposed:false
1738 silly packumentCache corgi:https://registry.npmjs.org/@vitejs%2fplugin-react cache-miss
1739 http fetch GET 200 https://registry.npmjs.org/@vitejs%2fplugin-react 313ms (cache miss)
1740 silly packumentCache corgi:https://registry.npmjs.org/@vitejs%2fplugin-react set size:undefined disposed:false
1741 http fetch GET 200 https://registry.npmjs.org/recharts/-/recharts-2.15.4.tgz 18796ms (cache miss)
1742 warn deprecated recharts@2.15.4: 1.x and 2.x branches are no longer active. Bump to Recharts v3 to receive latest features and bugfixes. See https://github.com/recharts/recharts/wiki/3.0-migration-guide
1743 http fetch GET 200 https://registry.npmjs.org/react-dom/-/react-dom-18.3.1.tgz 18822ms (cache miss)
1744 http fetch GET 200 https://registry.npmjs.org/@esbuild/android-arm64/-/android-arm64-0.21.5.tgz 19182ms (cache miss)
1745 info run esbuild@0.21.5 postinstall node_modules/esbuild node install.js
1746 info run esbuild@0.21.5 postinstall { code: 0, signal: null }
1747 silly ADD node_modules/@types/estree
1748 silly ADD node_modules/@rollup/rollup-android-arm64
1749 silly ADD node_modules/@esbuild/android-arm64
1750 silly ADD node_modules/rollup
1751 silly ADD node_modules/esbuild
1752 silly ADD node_modules/d3-path
1753 silly ADD node_modules/d3-time-format
1754 silly ADD node_modules/d3-format
1755 silly ADD node_modules/d3-color
1756 silly ADD node_modules/internmap
1757 silly ADD node_modules/@types/d3-path
1758 silly ADD node_modules/@types/d3-color
1759 silly ADD node_modules/d3-timer
1760 silly ADD node_modules/d3-time
1761 silly ADD node_modules/d3-shape
1762 silly ADD node_modules/d3-scale
1763 silly ADD node_modules/d3-interpolate
1764 silly ADD node_modules/d3-ease
1765 silly ADD node_modules/d3-array
1766 silly ADD node_modules/@types/d3-timer
1767 silly ADD node_modules/@types/d3-time
1768 silly ADD node_modules/@types/d3-shape
1769 silly ADD node_modules/@types/d3-scale
1770 silly ADD node_modules/@types/d3-interpolate
1771 silly ADD node_modules/@types/d3-ease
1772 silly ADD node_modules/@types/d3-array
1773 silly ADD node_modules/escalade
1774 silly ADD node_modules/is-number
1775 silly ADD node_modules/thenify
1776 silly ADD node_modules/thenify-all
1777 silly ADD node_modules/any-promise
1778 silly ADD node_modules/ts-interface-checker
1779 silly ADD node_modules/tinyglobby
1780 silly ADD node_modules/tinyglobby/node_modules/picomatch
1781 silly ADD node_modules/tinyglobby/node_modules/fdir
1782 silly ADD node_modules/pirates
1783 silly ADD node_modules/mz
1784 silly ADD node_modules/lines-and-columns
1785 silly ADD node_modules/commander
1786 silly ADD node_modules/queue-microtask
1787 silly ADD node_modules/function-bind
1788 silly ADD node_modules/hasown
1789 silly ADD node_modules/supports-preserve-symlinks-flag
1790 silly ADD node_modules/path-parse
1791 silly ADD node_modules/is-core-module
1792 silly ADD node_modules/es-errors
1793 silly ADD node_modules/pify
1794 silly ADD node_modules/util-deprecate
1795 silly ADD node_modules/cssesc
1796 silly ADD node_modules/camelcase-css
1797 silly ADD node_modules/read-cache
1798 silly ADD node_modules/is-extglob
1799 silly ADD node_modules/binary-extensions
1800 silly ADD node_modules/to-regex-range
1801 silly ADD node_modules/reusify
1802 silly ADD node_modules/run-parallel
1803 silly ADD node_modules/fastq
1804 silly ADD node_modules/@nodelib/fs.scandir
1805 silly ADD node_modules/merge2
1806 silly ADD node_modules/@nodelib/fs.walk
1807 silly ADD node_modules/@nodelib/fs.stat
1808 silly ADD node_modules/fill-range
1809 silly ADD node_modules/picomatch
1810 silly ADD node_modules/readdirp
1811 silly ADD node_modules/is-binary-path
1812 silly ADD node_modules/braces
1813 silly ADD node_modules/anymatch
1814 silly ADD node_modules/sucrase
1815 silly ADD node_modules/resolve
1816 silly ADD node_modules/postcss-selector-parser
1817 silly ADD node_modules/postcss-nested
1818 silly ADD node_modules/postcss-load-config
1819 silly ADD node_modules/postcss-js
1820 silly ADD node_modules/postcss-import
1821 silly ADD node_modules/object-hash
1822 silly ADD node_modules/normalize-path
1823 silly ADD node_modules/micromatch
1824 silly ADD node_modules/lilconfig
1825 silly ADD node_modules/jiti
1826 silly ADD node_modules/is-glob
1827 silly ADD node_modules/glob-parent
1828 silly ADD node_modules/fast-glob
1829 silly ADD node_modules/fast-glob/node_modules/glob-parent
1830 silly ADD node_modules/dlv
1831 silly ADD node_modules/didyoumean
1832 silly ADD node_modules/chokidar
1833 silly ADD node_modules/chokidar/node_modules/glob-parent
1834 silly ADD node_modules/arg
1835 silly ADD node_modules/@alloc/quick-lru
1836 silly ADD node_modules/decimal.js-light
1837 silly ADD node_modules/csstype
1838 silly ADD node_modules/dom-helpers
1839 silly ADD node_modules/@babel/runtime
1840 silly ADD node_modules/object-assign
1841 silly ADD node_modules/react-transition-group
1842 silly ADD node_modules/prop-types
1843 silly ADD node_modules/prop-types/node_modules/react-is
1844 silly ADD node_modules/fast-equals
1845 silly ADD node_modules/victory-vendor
1846 silly ADD node_modules/tiny-invariant
1847 silly ADD node_modules/recharts-scale
1848 silly ADD node_modules/react-smooth
1849 silly ADD node_modules/react-is
1850 silly ADD node_modules/lodash
1851 silly ADD node_modules/eventemitter3
1852 silly ADD node_modules/clsx
1853 silly ADD node_modules/scheduler
1854 silly ADD node_modules/loose-envify
1855 silly ADD node_modules/source-map-js
1856 silly ADD node_modules/nanoid
1857 silly ADD node_modules/yallist
1858 silly ADD node_modules/ms
1859 silly ADD node_modules/update-browserslist-db
1860 silly ADD node_modules/node-releases
1861 silly ADD node_modules/electron-to-chromium
1862 silly ADD node_modules/baseline-browser-mapping
1863 silly ADD node_modules/postcss-value-parser
1864 silly ADD node_modules/fraction.js
1865 silly ADD node_modules/caniuse-lite
1866 silly ADD node_modules/@types/babel__traverse
1867 silly ADD node_modules/@types/babel__template
1868 silly ADD node_modules/@types/babel__generator
1869 silly ADD node_modules/@jridgewell/resolve-uri
1870 silly ADD node_modules/@jridgewell/sourcemap-codec
1871 silly ADD node_modules/@babel/helper-string-parser
1872 silly ADD node_modules/@babel/helper-globals
1873 silly ADD node_modules/@babel/helper-plugin-utils
1874 silly ADD node_modules/@babel/helper-module-imports
1875 silly ADD node_modules/lru-cache
1876 silly ADD node_modules/browserslist
1877 silly ADD node_modules/@babel/helper-validator-option
1878 silly ADD node_modules/@babel/compat-data
1879 silly ADD node_modules/jsesc
1880 silly ADD node_modules/@jridgewell/trace-mapping
1881 silly ADD node_modules/@jridgewell/gen-mapping
1882 silly ADD node_modules/picocolors
1883 silly ADD node_modules/js-tokens
1884 silly ADD node_modules/@babel/helper-validator-identifier
1885 silly ADD node_modules/semver
1886 silly ADD node_modules/json5
1887 silly ADD node_modules/gensync
1888 silly ADD node_modules/debug
1889 silly ADD node_modules/convert-source-map
1890 silly ADD node_modules/@jridgewell/remapping
1891 silly ADD node_modules/@babel/types
1892 silly ADD node_modules/@babel/traverse
1893 silly ADD node_modules/@babel/template
1894 silly ADD node_modules/@babel/parser
1895 silly ADD node_modules/@babel/helpers
1896 silly ADD node_modules/@babel/helper-module-transforms
1897 silly ADD node_modules/@babel/helper-compilation-targets
1898 silly ADD node_modules/@babel/generator
1899 silly ADD node_modules/@babel/code-frame
1900 silly ADD node_modules/react-refresh
1901 silly ADD node_modules/@types/babel__core
1902 silly ADD node_modules/@rolldown/pluginutils
1903 silly ADD node_modules/@babel/plugin-transform-react-jsx-source
1904 silly ADD node_modules/@babel/plugin-transform-react-jsx-self
1905 silly ADD node_modules/@babel/core
1906 silly ADD node_modules/tailwindcss
1907 silly ADD node_modules/recharts
1908 silly ADD node_modules/react-dom
1909 silly ADD node_modules/react
1910 silly ADD node_modules/postcss
1911 silly ADD node_modules/autoprefixer
1912 silly ADD node_modules/vite
1913 silly ADD node_modules/@vitejs/plugin-react
1914 warn allow-scripts 1 package has install scripts not yet covered by allowScripts:
1914 warn allow-scripts   esbuild@0.21.5 (postinstall: node install.js)
1914 warn allow-scripts
1914 warn allow-scripts Run `npm install-scripts ls` to review, or `npm install-scripts approve <pkg>` to allow.
1915 verbose cwd /data/data/com.termux/files/home/exness-dashboard
1916 verbose os Linux 6.6.77-android15-8-g4a507830d890-ab13636293-4k
1917 verbose node v26.3.1
1918 verbose npm  v11.18.0
1919 verbose exit 0
1920 info ok
